theta,variant,seed,swap_n,fam_dist_drop,tot_dual,t_link_avg,avg_retr,exp2_final,fails,viol
0.0,base,2026,0,0.0,3124.4575,9.2159,10.936,22.7319,0,0
0.0,corr,2026,289,0.6114,3410.3234,10.4341,11.3845,25.3106,0,0
0.0,link,2026,0,0.0,2844.06,5.0775,11.4323,22.7482,0,0
0.0,corr_link,2026,289,0.6114,3075.2133,7.4453,11.3301,24.3075,0,0
0.5,base,2026,0,0.0,3124.4575,9.2159,10.936,22.7319,0,0
0.5,corr,2026,289,0.6114,3151.617,8.1338,11.3703,24.6379,0,0
0.5,link,2026,0,0.0,2844.06,5.0775,11.4323,22.7482,0,0
0.5,corr_link,2026,289,0.6114,3074.1661,7.0041,11.6854,23.9847,0,0
1.0,base,2026,0,0.0,3124.4575,9.2159,10.936,22.7319,0,0
1.0,corr,2026,289,0.6114,2922.417,6.33,11.2504,23.7214,0,0
1.0,link,2026,0,0.0,2844.06,5.0775,11.4323,22.7482,0,0
1.0,corr_link,2026,289,0.6114,2921.0182,5.8526,11.3854,23.9964,0,0
0.0,base,2027,0,0.0,3042.6387,8.9647,10.6808,23.5281,0,0
0.0,corr,2027,268,0.599,3380.2618,9.4224,11.8459,24.983,0,0
0.0,link,2027,0,0.0,2855.9576,5.0754,11.4945,24.2471,0,0
0.0,corr_link,2027,268,0.599,3154.225,7.2655,11.9142,24.5575,0,0
0.5,base,2027,0,0.0,3042.6387,8.9647,10.6808,23.5281,0,0
0.5,corr,2027,268,0.599,3197.4216,7.4074,11.9176,22.4822,0,0
0.5,link,2027,0,0.0,2855.9576,5.0754,11.4945,24.2471,0,0
0.5,corr_link,2027,268,0.599,3056.7122,6.2772,11.8841,23.0135,0,0
1.0,base,2027,0,0.0,3042.6387,8.9647,10.6808,23.5281,0,0
1.0,corr,2027,268,0.599,3090.4542,7.2765,11.5007,24.0192,0,0
1.0,link,2027,0,0.0,2855.9576,5.0754,11.4945,24.2471,0,0
1.0,corr_link,2027,268,0.599,3012.1387,5.74,11.8123,25.0886,0,0
0.0,base,2028,0,0.0,3013.3322,9.1308,10.4612,21.6595,0,0
0.0,corr,2028,246,0.6013,3401.0834,9.5979,12.0407,24.469,0,0
0.0,link,2028,0,0.0,2759.076,5.1589,10.8943,25.6629,0,0
0.0,corr_link,2028,246,0.6013,3157.2223,6.7851,12.2393,24.8395,0,0
0.5,base,2028,0,0.0,3013.3322,9.1308,10.4612,21.6595,0,0
0.5,corr,2028,246,0.6013,3220.8765,7.8174,12.0106,23.2699,0,0
0.5,link,2028,0,0.0,2759.076,5.1589,10.8943,25.6629,0,0
0.5,corr_link,2028,246,0.6013,3002.2907,5.9525,11.826,23.0134,0,0
1.0,base,2028,0,0.0,3013.3322,9.1308,10.4612,21.6595,0,0
1.0,corr,2028,246,0.6013,3032.8871,6.548,11.6274,23.4726,0,0
1.0,link,2028,0,0.0,2759.076,5.1589,10.8943,25.6629,0,0
1.0,corr_link,2028,246,0.6013,2905.3501,5.4788,11.564,23.7343,0,0
0.0,base,2029,0,0.0,3096.2872,9.2703,10.7163,23.035,0,0
0.0,corr,2029,275,0.5861,3529.7346,10.0529,12.2088,25.5934,0,0
0.0,link,2029,0,0.0,2784.3775,5.6119,10.8393,24.1492,0,0
0.0,corr_link,2029,275,0.5861,3112.0644,7.1403,11.6593,24.8894,0,0
0.5,base,2029,0,0.0,3096.2872,9.2703,10.7163,23.035,0,0
0.5,corr,2029,275,0.5861,3369.873,8.4284,12.2309,25.1882,0,0
0.5,link,2029,0,0.0,2784.3775,5.6119,10.8393,24.1492,0,0
0.5,corr_link,2029,275,0.5861,3185.7218,6.7131,12.2845,24.5781,0,0
1.0,base,2029,0,0.0,3096.2872,9.2703,10.7163,23.035,0,0
1.0,corr,2029,275,0.5861,3121.2479,6.7869,11.8995,24.5748,0,0
1.0,link,2029,0,0.0,2784.3775,5.6119,10.8393,24.1492,0,0
1.0,corr_link,2029,275,0.5861,2998.6059,6.0073,11.7777,24.0052,0,0
0.0,base,2030,0,0.0,3052.8776,9.4434,10.5027,22.0767,0,0
0.0,corr,2030,269,0.6086,3298.5425,9.907,11.3667,24.2463,0,0
0.0,link,2030,0,0.0,2693.2822,5.5425,10.4023,23.8819,0,0
0.0,corr_link,2030,269,0.6086,2972.9327,6.9621,11.1423,24.4522,0,0
0.5,base,2030,0,0.0,3052.8776,9.4434,10.5027,22.0767,0,0
0.5,corr,2030,269,0.6086,3167.8103,8.6462,11.2218,24.2786,0,0
0.5,link,2030,0,0.0,2693.2822,5.5425,10.4023,23.8819,0,0
0.5,corr_link,2030,269,0.6086,2984.535,6.845,11.3072,24.1798,0,0
1.0,base,2030,0,0.0,3052.8776,9.4434,10.5027,22.0767,0,0
1.0,corr,2030,269,0.6086,3042.499,7.0049,11.5134,23.7362,0,0
1.0,link,2030,0,0.0,2693.2822,5.5425,10.4023,23.8819,0,0
1.0,corr_link,2030,269,0.6086,2870.7207,6.0257,11.1733,23.9551,0,0
0.0,base,2031,0,0.0,3164.1398,9.9472,10.6171,23.3312,0,0
0.0,corr,2031,257,0.6141,3516.0103,9.8006,12.2793,24.4262,0,0
0.0,link,2031,0,0.0,2827.444,5.4161,11.2159,23.6724,0,0
0.0,corr_link,2031,257,0.6141,3278.0367,7.6175,12.2727,24.4427,0,0
0.5,base,2031,0,0.0,3164.1398,9.9472,10.6171,23.3312,0,0
0.5,corr,2031,257,0.6141,3195.0118,7.6364,11.8419,25.7722,0,0
0.5,link,2031,0,0.0,2827.444,5.4161,11.2159,23.6724,0,0
0.5,corr_link,2031,257,0.6141,3047.8809,6.2116,11.854,25.7623,0,0
1.0,base,2031,0,0.0,3164.1398,9.9472,10.6171,23.3312,0,0
1.0,corr,2031,257,0.6141,3103.5088,6.5238,11.9161,25.1642,0,0
1.0,link,2031,0,0.0,2827.444,5.4161,11.2159,23.6724,0,0
1.0,corr_link,2031,257,0.6141,3004.5431,5.6908,11.8878,25.0314,0,0
0.0,base,2032,0,0.0,3188.774,9.5239,11.0419,23.4728,0,0
0.0,corr,2032,285,0.6155,3539.6484,9.9644,12.4235,24.6716,0,0
0.0,link,2032,0,0.0,2870.5369,5.2174,11.5298,24.0172,0,0
0.0,corr_link,2032,285,0.6155,3255.4597,7.1958,12.3452,24.9322,0,0
0.5,base,2032,0,0.0,3188.774,9.5239,11.0419,23.4728,0,0
0.5,corr,2032,285,0.6155,3387.8087,8.5343,12.4169,24.3283,0,0
0.5,link,2032,0,0.0,2870.5369,5.2174,11.5298,24.0172,0,0
0.5,corr_link,2032,285,0.6155,3185.0237,7.1633,11.9601,24.7966,0,0
1.0,base,2032,0,0.0,3188.774,9.5239,11.0419,23.4728,0,0
1.0,corr,2032,285,0.6155,3100.5423,6.3504,11.9133,24.5938,0,0
1.0,link,2032,0,0.0,2870.5369,5.2174,11.5298,24.0172,0,0
1.0,corr_link,2032,285,0.6155,3016.3191,5.8799,11.7366,24.2729,0,0
0.0,base,2033,0,0.0,3069.6047,9.2426,10.6884,22.6104,0,0
0.0,corr,2033,278,0.6081,3399.1847,9.7774,11.9889,22.8728,0,0
0.0,link,2033,0,0.0,2829.3532,5.5287,11.0482,23.4941,0,0
0.0,corr_link,2033,278,0.6081,3135.0325,7.1321,11.839,23.6487,0,0
0.5,base,2033,0,0.0,3069.6047,9.2426,10.6884,22.6104,0,0
0.5,corr,2033,278,0.6081,3322.6544,8.6898,11.9992,23.854,0,0
0.5,link,2033,0,0.0,2829.3532,5.5287,11.0482,23.4941,0,0
0.5,corr_link,2033,278,0.6081,3130.4358,6.7777,11.9391,24.3,0,0
1.0,base,2033,0,0.0,3069.6047,9.2426,10.6884,22.6104,0,0
1.0,corr,2033,278,0.6081,3077.6995,6.3441,11.9681,23.6354,0,0
1.0,link,2033,0,0.0,2829.3532,5.5287,11.0482,23.4941,0,0
1.0,corr_link,2033,278,0.6081,3078.0799,5.7809,12.2625,24.1486,0,0
0.0,base,2034,0,0.0,3151.7081,9.6868,10.7651,22.867,0,0
0.0,corr,2034,271,0.6062,3275.2708,9.7811,10.9404,24.2244,0,0
0.0,link,2034,0,0.0,2846.856,5.135,11.3348,23.5289,0,0
0.0,corr_link,2034,271,0.6062,2908.956,6.5668,11.0514,22.8136,0,0
0.5,base,2034,0,0.0,3151.7081,9.6868,10.7651,22.867,0,0
0.5,corr,2034,271,0.6062,3138.302,7.9616,11.3249,23.9357,0,0
0.5,link,2034,0,0.0,2846.856,5.135,11.3348,23.5289,0,0
0.5,corr_link,2034,271,0.6062,3014.9695,6.8135,11.4714,23.5894,0,0
1.0,base,2034,0,0.0,3151.7081,9.6868,10.7651,22.867,0,0
1.0,corr,2034,271,0.6062,3008.1276,6.6849,11.4832,23.3113,0,0
1.0,link,2034,0,0.0,2846.856,5.135,11.3348,23.5289,0,0
1.0,corr_link,2034,271,0.6062,2926.186,5.8938,11.4682,23.2312,0,0
0.0,base,2035,0,0.0,3054.123,9.2439,10.5987,23.1687,0,0
0.0,corr,2035,253,0.6155,3422.4087,9.8669,11.9549,24.386,0,0
0.0,link,2035,0,0.0,2726.9913,5.3739,10.7262,23.6385,0,0
0.0,corr_link,2035,253,0.6155,3094.9681,6.8621,11.8296,23.1534,0,0
0.5,base,2035,0,0.0,3054.123,9.2439,10.5987,23.1687,0,0
0.5,corr,2035,253,0.6155,3076.5226,7.7866,11.1402,23.9198,0,0
0.5,link,2035,0,0.0,2726.9913,5.3739,10.7262,23.6385,0,0
0.5,corr_link,2035,253,0.6155,2935.5351,6.278,11.3328,23.0887,0,0
1.0,base,2035,0,0.0,3054.123,9.2439,10.5987,23.1687,0,0
1.0,corr,2035,253,0.6155,3050.4895,7.2105,11.4605,23.5981,0,0
1.0,link,2035,0,0.0,2726.9913,5.3739,10.7262,23.6385,0,0
1.0,corr_link,2035,253,0.6155,2916.1333,5.8934,11.3615,23.9046,0,0
0.0,base,2036,0,0.0,3223.1883,10.1358,11.028,22.6499,0,0
0.0,corr,2036,266,0.6194,3454.2934,10.3913,11.8625,23.8485,0,0
0.0,link,2036,0,0.0,2842.5673,5.4743,11.254,23.0623,0,0
0.0,corr_link,2036,266,0.6194,3114.8138,7.229,11.8063,24.0154,0,0
0.5,base,2036,0,0.0,3223.1883,10.1358,11.028,22.6499,0,0
0.5,corr,2036,266,0.6194,3228.3961,7.5596,12.168,24.2666,0,0
0.5,link,2036,0,0.0,2842.5673,5.4743,11.254,23.0623,0,0
0.5,corr_link,2036,266,0.6194,3079.5904,6.1258,12.1359,24.0415,0,0
1.0,base,2036,0,0.0,3223.1883,10.1358,11.028,22.6499,0,0
1.0,corr,2036,266,0.6194,3014.436,6.2134,11.7063,24.3966,0,0
1.0,link,2036,0,0.0,2842.5673,5.4743,11.254,23.0623,0,0
1.0,corr_link,2036,266,0.6194,2999.0916,5.5315,11.9296,24.5724,0,0
0.0,base,2037,0,0.0,2974.9413,9.0838,10.2728,23.4106,0,0
0.0,corr,2037,260,0.5965,3488.5331,10.3372,11.9699,25.0674,0,0
0.0,link,2037,0,0.0,2784.9011,5.1975,11.1207,23.0216,0,0
0.0,corr_link,2037,260,0.5965,3094.9847,6.9074,11.8137,24.7252,0,0
0.5,base,2037,0,0.0,2974.9413,9.0838,10.2728,23.4106,0,0
0.5,corr,2037,260,0.5965,3227.5547,8.004,11.8458,24.7366,0,0
0.5,link,2037,0,0.0,2784.9011,5.1975,11.1207,23.0216,0,0
0.5,corr_link,2037,260,0.5965,3098.0486,6.4739,12.0024,25.058,0,0
1.0,base,2037,0,0.0,2974.9413,9.0838,10.2728,23.4106,0,0
1.0,corr,2037,260,0.5965,3011.8776,6.3733,11.6294,23.9843,0,0
1.0,link,2037,0,0.0,2784.9011,5.1975,11.1207,23.0216,0,0
1.0,corr_link,2037,260,0.5965,2925.7657,5.5733,11.6255,24.3664,0,0
0.0,base,2038,0,0.0,3035.2273,8.8992,10.5865,23.6124,0,0
0.0,corr,2038,278,0.614,3595.6052,9.9134,12.6738,24.2834,0,0
0.0,link,2038,0,0.0,2796.5709,5.4421,11.0034,24.2132,0,0
0.0,corr_link,2038,278,0.614,3289.8703,7.1127,12.7154,24.0503,0,0
0.5,base,2038,0,0.0,3035.2273,8.8992,10.5865,23.6124,0,0
0.5,corr,2038,278,0.614,3381.3915,8.0688,12.5259,24.3764,0,0
0.5,link,2038,0,0.0,2796.5709,5.4421,11.0034,24.2132,0,0
0.5,corr_link,2038,278,0.614,3239.9602,6.4199,12.6473,24.4656,0,0
1.0,base,2038,0,0.0,3035.2273,8.8992,10.5865,23.6124,0,0
1.0,corr,2038,278,0.614,3240.5758,6.2911,12.7907,24.2599,0,0
1.0,link,2038,0,0.0,2796.5709,5.4421,11.0034,24.2132,0,0
1.0,corr_link,2038,278,0.614,3156.1534,5.7885,12.624,24.1721,0,0
0.0,base,2039,0,0.0,3252.6321,10.0804,11.003,23.127,0,0
0.0,corr,2039,259,0.6112,3294.0771,9.6381,11.348,25.272,0,0
0.0,link,2039,0,0.0,2851.7099,5.2275,11.2556,23.1016,0,0
0.0,corr_link,2039,259,0.6112,3058.5509,7.2478,11.4097,24.1668,0,0
0.5,base,2039,0,0.0,3252.6321,10.0804,11.003,23.127,0,0
0.5,corr,2039,259,0.6112,3157.8459,8.3926,11.4096,23.7156,0,0
0.5,link,2039,0,0.0,2851.7099,5.2275,11.2556,23.1016,0,0
0.5,corr_link,2039,259,0.6112,2921.5529,6.7461,10.8256,23.8238,0,0
1.0,base,2039,0,0.0,3252.6321,10.0804,11.003,23.127,0,0
1.0,corr,2039,259,0.6112,3120.3124,7.4389,11.5996,24.0304,0,0
1.0,link,2039,0,0.0,2851.7099,5.2275,11.2556,23.1016,0,0
1.0,corr_link,2039,259,0.6112,2951.9573,6.4117,11.219,24.3057,0,0
0.0,base,2040,0,0.0,3068.1787,9.1302,10.7558,22.624,0,0
0.0,corr,2040,271,0.5824,3479.2851,10.025,12.0964,24.0687,0,0
0.0,link,2040,0,0.0,2773.3873,5.2772,10.9538,23.9644,0,0
0.0,corr_link,2040,271,0.5824,3136.8818,6.8627,12.0397,22.9498,0,0
0.5,base,2040,0,0.0,3068.1787,9.1302,10.7558,22.624,0,0
0.5,corr,2040,271,0.5824,3288.0221,8.6845,11.8886,24.0528,0,0
0.5,link,2040,0,0.0,2773.3873,5.2772,10.9538,23.9644,0,0
0.5,corr_link,2040,271,0.5824,3011.7253,6.1532,11.7761,24.3797,0,0
1.0,base,2040,0,0.0,3068.1787,9.1302,10.7558,22.624,0,0
1.0,corr,2040,271,0.5824,3071.894,6.5712,11.883,22.8275,0,0
1.0,link,2040,0,0.0,2773.3873,5.2772,10.9538,23.9644,0,0
1.0,corr_link,2040,271,0.5824,2974.3889,5.5378,11.8463,23.4651,0,0
0.0,base,2041,0,0.0,3044.4526,9.176,10.601,22.714,0,0
0.0,corr,2041,276,0.6034,3467.6718,10.455,11.7541,24.1771,0,0
0.0,link,2041,0,0.0,2805.8487,5.2813,11.1586,23.2651,0,0
0.0,corr_link,2041,276,0.6034,3108.4627,6.8097,11.7752,23.6507,0,0
0.5,base,2041,0,0.0,3044.4526,9.176,10.601,22.714,0,0
0.5,corr,2041,276,0.6034,3221.6667,8.3631,11.6442,24.5847,0,0
0.5,link,2041,0,0.0,2805.8487,5.2813,11.1586,23.2651,0,0
0.5,corr_link,2041,276,0.6034,3046.7674,6.4612,11.8373,23.5818,0,0
1.0,base,2041,0,0.0,3044.4526,9.176,10.601,22.714,0,0
1.0,corr,2041,276,0.6034,2969.1302,5.8606,11.6015,23.9937,0,0
1.0,link,2041,0,0.0,2805.8487,5.2813,11.1586,23.2651,0,0
1.0,corr_link,2041,276,0.6034,2914.6497,5.6751,11.539,23.388,0,0
0.0,base,2042,0,0.0,3183.4575,9.3657,11.1744,22.65,0,0
0.0,corr,2042,262,0.6012,3444.5508,9.835,12.0719,23.5602,0,0
0.0,link,2042,0,0.0,2836.2224,5.6266,11.0611,22.8421,0,0
0.0,corr_link,2042,262,0.6012,3108.9827,7.1196,11.7867,22.9046,0,0
0.5,base,2042,0,0.0,3183.4575,9.3657,11.1744,22.65,0,0
0.5,corr,2042,262,0.6012,3220.0131,7.8009,12.0279,22.6677,0,0
0.5,link,2042,0,0.0,2836.2224,5.6266,11.0611,22.8421,0,0
0.5,corr_link,2042,262,0.6012,3135.0424,6.2564,12.302,23.8165,0,0
1.0,base,2042,0,0.0,3183.4575,9.3657,11.1744,22.65,0,0
1.0,corr,2042,262,0.6012,3060.6497,5.5651,12.2145,23.6064,0,0
1.0,link,2042,0,0.0,2836.2224,5.6266,11.0611,22.8421,0,0
1.0,corr_link,2042,262,0.6012,3071.3107,5.185,12.4412,23.6046,0,0
0.0,base,2043,0,0.0,3024.5693,8.6037,10.7573,24.3718,0,0
0.0,corr,2043,292,0.607,3457.8389,10.1561,11.8866,24.2724,0,0
0.0,link,2043,0,0.0,2920.5769,5.0453,11.8177,22.385,0,0
0.0,corr_link,2043,292,0.607,3091.571,7.0275,11.6682,24.3666,0,0
0.5,base,2043,0,0.0,3024.5693,8.6037,10.7573,24.3718,0,0
0.5,corr,2043,292,0.607,3282.492,8.3302,12.0673,21.9621,0,0
0.5,link,2043,0,0.0,2920.5769,5.0453,11.8177,22.385,0,0
0.5,corr_link,2043,292,0.607,3080.8983,6.6246,11.8355,22.2272,0,0
1.0,base,2043,0,0.0,3024.5693,8.6037,10.7573,24.3718,0,0
1.0,corr,2043,292,0.607,3068.6079,5.8803,12.0392,24.2018,0,0
1.0,link,2043,0,0.0,2920.5769,5.0453,11.8177,22.385,0,0
1.0,corr_link,2043,292,0.607,3003.0954,5.5309,11.9792,23.5296,0,0
0.0,base,2044,0,0.0,3346.2134,9.7417,11.7935,22.9022,0,0
0.0,corr,2044,267,0.5952,3385.5696,9.8015,11.6946,23.9183,0,0
0.0,link,2044,0,0.0,2906.9726,4.9839,11.7995,23.6714,0,0
0.0,corr_link,2044,267,0.5952,3052.3204,7.004,11.4588,23.7003,0,0
0.5,base,2044,0,0.0,3346.2134,9.7417,11.7935,22.9022,0,0
0.5,corr,2044,267,0.5952,3188.2598,7.8761,11.5833,24.5179,0,0
0.5,link,2044,0,0.0,2906.9726,4.9839,11.7995,23.6714,0,0
0.5,corr_link,2044,267,0.5952,2976.3035,6.3652,11.3573,24.0278,0,0
1.0,base,2044,0,0.0,3346.2134,9.7417,11.7935,22.9022,0,0
1.0,corr,2044,267,0.5952,2935.5944,5.7964,11.5089,23.3197,0,0
1.0,link,2044,0,0.0,2906.9726,4.9839,11.7995,23.6714,0,0
1.0,corr_link,2044,267,0.5952,2885.9473,5.6759,11.3509,23.4818,0,0
0.0,base,2045,0,0.0,3089.5006,9.1511,10.7981,22.5797,0,0
0.0,corr,2045,266,0.6009,3435.7121,9.9535,11.8131,25.7867,0,0
0.0,link,2045,0,0.0,2955.7825,5.1729,11.8653,23.8142,0,0
0.0,corr_link,2045,266,0.6009,3240.6817,7.0383,12.4147,24.823,0,0
0.5,base,2045,0,0.0,3089.5006,9.1511,10.7981,22.5797,0,0
0.5,corr,2045,266,0.6009,3230.6278,8.7631,11.3125,25.0385,0,0
0.5,link,2045,0,0.0,2955.7825,5.1729,11.8653,23.8142,0,0
0.5,corr_link,2045,266,0.6009,2959.5225,6.8463,11.1316,24.9632,0,0
1.0,base,2045,0,0.0,3089.5006,9.1511,10.7981,22.5797,0,0
1.0,corr,2045,266,0.6009,2979.614,6.0678,11.463,25.3959,0,0
1.0,link,2045,0,0.0,2955.7825,5.1729,11.8653,23.8142,0,0
1.0,corr_link,2045,266,0.6009,2910.6553,5.4637,11.5511,24.6794,0,0
0.0,base,2046,0,0.0,3186.5494,9.5373,11.1441,22.6569,0,0
0.0,corr,2046,274,0.597,3557.6363,10.3443,12.3435,24.7143,0,0
0.0,link,2046,0,0.0,2765.6354,5.5435,10.8398,23.7136,0,0
0.0,corr_link,2046,274,0.597,3278.8958,7.3205,12.5009,24.435,0,0
0.5,base,2046,0,0.0,3186.5494,9.5373,11.1441,22.6569,0,0
0.5,corr,2046,274,0.597,3318.821,8.2579,12.2443,24.0762,0,0
0.5,link,2046,0,0.0,2765.6354,5.5435,10.8398,23.7136,0,0
0.5,corr_link,2046,274,0.597,3102.9017,6.5339,12.0959,24.2254,0,0
1.0,base,2046,0,0.0,3186.5494,9.5373,11.1441,22.6569,0,0
1.0,corr,2046,274,0.597,3172.5202,6.2682,12.4343,24.3952,0,0
1.0,link,2046,0,0.0,2765.6354,5.5435,10.8398,23.7136,0,0
1.0,corr_link,2046,274,0.597,3046.8562,5.3765,12.2827,24.0417,0,0
0.0,base,2047,0,0.0,3266.5333,9.6895,11.1979,23.8427,0,0
0.0,corr,2047,261,0.5777,3403.8986,9.5233,11.8498,24.3009,0,0
0.0,link,2047,0,0.0,2842.2829,5.1456,11.3511,24.182,0,0
0.0,corr_link,2047,261,0.5777,3128.8146,6.9275,11.9748,23.2263,0,0
0.5,base,2047,0,0.0,3266.5333,9.6895,11.1979,23.8427,0,0
0.5,corr,2047,261,0.5777,3193.518,8.223,11.5664,23.2745,0,0
0.5,link,2047,0,0.0,2842.2829,5.1456,11.3511,24.182,0,0
0.5,corr_link,2047,261,0.5777,2994.4135,6.866,11.3511,23.2765,0,0
1.0,base,2047,0,0.0,3266.5333,9.6895,11.1979,23.8427,0,0
1.0,corr,2047,261,0.5777,3076.8767,6.7223,11.7977,23.3705,0,0
1.0,link,2047,0,0.0,2842.2829,5.1456,11.3511,24.182,0,0
1.0,corr_link,2047,261,0.5777,2937.8204,5.7684,11.4944,23.4368,0,0
0.0,base,2048,0,0.0,3180.9186,9.4072,11.171,22.6619,0,0
0.0,corr,2048,278,0.5862,3416.0035,9.9411,11.8128,24.5098,0,0
0.0,link,2048,0,0.0,2874.1882,5.5656,11.3161,23.9432,0,0
0.0,corr_link,2048,278,0.5862,3067.7779,6.8898,11.6803,24.0928,0,0
0.5,base,2048,0,0.0,3180.9186,9.4072,11.171,22.6619,0,0
0.5,corr,2048,278,0.5862,3176.4134,7.286,11.867,24.9698,0,0
0.5,link,2048,0,0.0,2874.1882,5.5656,11.3161,23.9432,0,0
0.5,corr_link,2048,278,0.5862,3097.1703,6.2808,12.0654,24.3327,0,0
1.0,base,2048,0,0.0,3180.9186,9.4072,11.171,22.6619,0,0
1.0,corr,2048,278,0.5862,3164.1668,6.646,12.2553,24.1471,0,0
1.0,link,2048,0,0.0,2874.1882,5.5656,11.3161,23.9432,0,0
1.0,corr_link,2048,278,0.5862,3021.0114,5.0918,12.3096,24.0233,0,0
0.0,base,2049,0,0.0,3212.7984,9.1987,11.3146,23.7015,0,0
0.0,corr,2049,268,0.5912,3348.0442,9.7593,11.6506,24.0959,0,0
0.0,link,2049,0,0.0,2714.194,5.5799,10.3943,23.3668,0,0
0.0,corr_link,2049,268,0.5912,3023.3832,7.296,11.2006,23.9784,0,0
0.5,base,2049,0,0.0,3212.7984,9.1987,11.3146,23.7015,0,0
0.5,corr,2049,268,0.5912,3019.7241,8.0476,10.8307,24.3306,0,0
0.5,link,2049,0,0.0,2714.194,5.5799,10.3943,23.3668,0,0
0.5,corr_link,2049,268,0.5912,2884.9486,6.5562,10.8158,24.4468,0,0
1.0,base,2049,0,0.0,3212.7984,9.1987,11.3146,23.7015,0,0
1.0,corr,2049,268,0.5912,2985.0413,6.7624,11.3832,23.6091,0,0
1.0,link,2049,0,0.0,2714.194,5.5799,10.3943,23.3668,0,0
1.0,corr_link,2049,268,0.5912,2834.6405,5.445,11.1782,23.8867,0,0
0.0,base,2050,0,0.0,3114.2568,9.4656,10.7985,22.643,0,0
0.0,corr,2050,291,0.6012,3366.6161,9.5623,11.5704,25.1454,0,0
0.0,link,2050,0,0.0,2816.2607,5.2619,11.137,24.4354,0,0
0.0,corr_link,2050,291,0.6012,3032.5278,6.9971,11.4769,25.0392,0,0
0.5,base,2050,0,0.0,3114.2568,9.4656,10.7985,22.643,0,0
0.5,corr,2050,291,0.6012,3104.0662,7.2806,11.577,24.8199,0,0
0.5,link,2050,0,0.0,2816.2607,5.2619,11.137,24.4354,0,0
0.5,corr_link,2050,291,0.6012,2996.0937,6.4976,11.4103,24.6202,0,0
1.0,base,2050,0,0.0,3114.2568,9.4656,10.7985,22.643,0,0
1.0,corr,2050,291,0.6012,2932.3897,5.8292,11.4578,24.9064,0,0
1.0,link,2050,0,0.0,2816.2607,5.2619,11.137,24.4354,0,0
1.0,corr_link,2050,291,0.6012,2868.1363,5.4115,11.3846,24.8689,0,0
0.0,base,2051,0,0.0,3114.3664,9.0379,10.9229,21.9185,0,0
0.0,corr,2051,290,0.5838,3251.5529,9.2053,11.3993,24.0633,0,0
0.0,link,2051,0,0.0,2862.0749,5.3194,11.3439,23.5477,0,0
0.0,corr_link,2051,290,0.5838,3066.9604,7.1514,11.4624,24.5045,0,0
0.5,base,2051,0,0.0,3114.3664,9.0379,10.9229,21.9185,0,0
0.5,corr,2051,290,0.5838,3286.0924,8.7714,11.695,23.3059,0,0
0.5,link,2051,0,0.0,2862.0749,5.3194,11.3439,23.5477,0,0
0.5,corr_link,2051,290,0.5838,3069.725,6.9627,11.6175,22.3948,0,0
1.0,base,2051,0,0.0,3114.3664,9.0379,10.9229,21.9185,0,0
1.0,corr,2051,290,0.5838,3089.146,6.5281,11.8858,23.763,0,0
1.0,link,2051,0,0.0,2862.0749,5.3194,11.3439,23.5477,0,0
1.0,corr_link,2051,290,0.5838,2905.7259,5.4178,11.5705,23.3247,0,0
0.0,base,2052,0,0.0,3001.3875,9.0028,10.4656,22.8653,0,0
0.0,corr,2052,264,0.6123,3382.0398,9.9012,11.6104,24.0881,0,0
0.0,link,2052,0,0.0,2756.5965,5.6247,10.6565,23.3749,0,0
0.0,corr_link,2052,264,0.6123,3093.9062,7.2468,11.6137,23.3499,0,0
0.5,base,2052,0,0.0,3001.3875,9.0028,10.4656,22.8653,0,0
0.5,corr,2052,264,0.6123,3332.5858,8.4136,12.0645,24.4414,0,0
0.5,link,2052,0,0.0,2756.5965,5.6247,10.6565,23.3749,0,0
0.5,corr_link,2052,264,0.6123,3047.1728,6.8065,11.5084,24.1053,0,0
1.0,base,2052,0,0.0,3001.3875,9.0028,10.4656,22.8653,0,0
1.0,corr,2052,264,0.6123,3116.3934,6.9737,11.8935,23.2536,0,0
1.0,link,2052,0,0.0,2756.5965,5.6247,10.6565,23.3749,0,0
1.0,corr_link,2052,264,0.6123,3040.9718,6.2525,11.8086,23.8937,0,0
0.0,base,2053,0,0.0,3447.3229,10.3395,11.8069,23.2497,0,0
0.0,corr,2053,251,0.6051,3559.2177,10.486,12.2398,24.9757,0,0
0.0,link,2053,0,0.0,3018.5897,5.746,11.8907,23.3793,0,0
0.0,corr_link,2053,251,0.6051,3179.388,7.3577,11.9398,24.5345,0,0
0.5,base,2053,0,0.0,3447.3229,10.3395,11.8069,23.2497,0,0
0.5,corr,2053,251,0.6051,3466.6468,8.7584,12.6112,24.5204,0,0
0.5,link,2053,0,0.0,3018.5897,5.746,11.8907,23.3793,0,0
0.5,corr_link,2053,251,0.6051,3118.9876,6.1779,12.129,24.3438,0,0
1.0,base,2053,0,0.0,3447.3229,10.3395,11.8069,23.2497,0,0
1.0,corr,2053,251,0.6051,3099.6666,6.2017,12.1504,24.2172,0,0
1.0,link,2053,0,0.0,3018.5897,5.746,11.8907,23.3793,0,0
1.0,corr_link,2053,251,0.6051,3100.217,5.6371,12.3555,23.9979,0,0
0.0,base,2054,0,0.0,3016.574,9.606,10.2099,21.877,0,0
0.0,corr,2054,275,0.5995,3367.1934,10.1439,11.3881,24.1059,0,0
0.0,link,2054,0,0.0,2717.4172,5.3233,10.6554,22.5277,0,0
0.0,corr_link,2054,275,0.5995,3073.03,6.9492,11.6972,23.5444,0,0
0.5,base,2054,0,0.0,3016.574,9.606,10.2099,21.877,0,0
0.5,corr,2054,275,0.5995,3214.6547,8.4277,11.6452,22.9273,0,0
0.5,link,2054,0,0.0,2717.4172,5.3233,10.6554,22.5277,0,0
0.5,corr_link,2054,275,0.5995,3051.1537,6.5551,11.7432,23.9041,0,0
1.0,base,2054,0,0.0,3016.574,9.606,10.2099,21.877,0,0
1.0,corr,2054,275,0.5995,3063.9077,6.4005,11.8251,24.334,0,0
1.0,link,2054,0,0.0,2717.4172,5.3233,10.6554,22.5277,0,0
1.0,corr_link,2054,275,0.5995,2891.2516,5.5556,11.3351,24.9306,0,0
0.0,base,2055,0,0.0,3329.346,9.7535,11.4066,23.6536,0,0
0.0,corr,2055,279,0.6034,3325.0739,9.2926,11.6357,24.4795,0,0
0.0,link,2055,0,0.0,2958.4394,5.733,11.5865,24.4304,0,0
0.0,corr_link,2055,279,0.6034,3085.2636,6.8857,11.7476,24.7896,0,0
0.5,base,2055,0,0.0,3329.346,9.7535,11.4066,23.6536,0,0
0.5,corr,2055,279,0.6034,3265.0124,8.2061,11.887,25.235,0,0
0.5,link,2055,0,0.0,2958.4394,5.733,11.5865,24.4304,0,0
0.5,corr_link,2055,279,0.6034,3072.3274,6.6172,11.8614,25.0591,0,0
1.0,base,2055,0,0.0,3329.346,9.7535,11.4066,23.6536,0,0
1.0,corr,2055,279,0.6034,3053.5538,6.1074,11.9474,25.3246,0,0
1.0,link,2055,0,0.0,2958.4394,5.733,11.5865,24.4304,0,0
1.0,corr_link,2055,279,0.6034,3063.2423,5.5793,12.2224,25.553,0,0
