n_init,p_store,seed,policy,retr,store,resp,dead,leg
120,0.5,2026,io,35.523,27.472,31.548,3.747,3.934
120,0.5,2026,last,33.938,27.472,30.746,0.0,3.132
120,0.5,2026,center,41.013,47.472,44.201,16.775,16.587
120,0.5,2026,demand,35.523,27.472,31.548,3.747,3.934
120,0.5,2026,cog,32.208,34.764,33.47,5.903,5.856
120,0.5,2027,io,35.608,27.272,31.492,3.914,4.101
120,0.5,2027,last,33.593,27.272,30.472,0.0,3.081
120,0.5,2027,center,40.318,47.272,43.751,16.547,16.359
120,0.5,2027,demand,35.608,27.272,31.492,3.914,4.101
120,0.5,2027,cog,31.957,34.595,33.259,5.881,5.868
120,0.5,2028,io,33.138,26.051,29.639,3.329,3.506
120,0.5,2028,last,32.395,26.051,29.263,0.0,3.13
120,0.5,2028,center,40.648,46.051,43.315,17.359,17.182
120,0.5,2028,demand,33.138,26.051,29.639,3.329,3.506
120,0.5,2028,cog,30.872,33.395,32.118,6.077,5.985
120,0.5,2029,io,35.7,26.997,31.404,4.162,4.329
120,0.5,2029,last,34.737,26.997,30.916,0.0,3.842
120,0.5,2029,center,40.515,46.997,43.715,16.808,16.641
120,0.5,2029,demand,35.7,26.997,31.404,4.162,4.329
120,0.5,2029,cog,32.617,34.526,33.559,6.552,6.485
120,0.5,2030,io,36.583,27.308,32.004,4.365,4.544
120,0.5,2030,last,34.12,27.308,30.757,0.0,3.297
120,0.5,2030,center,39.972,47.308,43.594,16.311,16.134
120,0.5,2030,demand,36.583,27.308,32.004,4.365,4.544
120,0.5,2030,cog,32.523,34.938,33.715,6.315,6.256
120,0.5,2031,io,34.782,26.833,30.858,3.838,3.99
120,0.5,2031,last,33.117,26.833,30.015,0.0,3.147
120,0.5,2031,center,40.343,46.833,43.547,16.83,16.678
120,0.5,2031,demand,34.782,26.833,30.858,3.838,3.99
120,0.5,2031,cog,31.922,33.459,32.681,5.968,5.813
120,0.5,2032,io,37.248,28.241,32.801,4.242,4.434
120,0.5,2032,last,35.888,28.241,32.113,0.0,3.746
120,0.5,2032,center,41.47,48.241,44.813,16.638,16.446
120,0.5,2032,demand,37.248,28.241,32.801,4.242,4.434
120,0.5,2032,cog,33.987,34.795,34.386,6.082,6.019
120,0.5,2033,io,38.235,28.959,33.656,4.457,4.624
120,0.5,2033,last,35.633,28.959,32.338,0.0,3.306
120,0.5,2033,center,41.227,48.959,45.044,16.18,16.013
120,0.5,2033,demand,38.235,28.959,33.656,4.457,4.624
120,0.5,2033,cog,33.855,37.605,35.706,6.781,6.675
120,0.5,2034,io,38.64,28.469,33.619,4.899,5.078
120,0.5,2034,last,37.265,28.469,32.923,0.0,4.382
120,0.5,2034,center,42.045,48.469,45.216,16.851,16.676
120,0.5,2034,demand,38.64,28.469,33.619,4.899,5.078
120,0.5,2034,cog,35.035,36.756,35.885,7.511,7.344
120,0.5,2035,io,35.968,27.779,31.925,3.694,3.952
120,0.5,2035,last,33.828,27.779,30.842,0.0,2.868
120,0.5,2035,center,41.333,47.779,44.515,16.709,16.542
120,0.5,2035,demand,35.968,27.779,31.925,3.694,3.952
120,0.5,2035,cog,32.697,35.154,33.91,5.891,5.937
120,0.5,2036,io,38.98,29.221,34.162,4.658,4.841
120,0.5,2036,last,38.495,29.221,33.916,0.0,4.595
120,0.5,2036,center,43.215,49.221,46.18,17.038,16.858
120,0.5,2036,demand,38.98,29.221,34.162,4.658,4.841
120,0.5,2036,cog,36.142,37.087,36.609,7.389,7.287
120,0.5,2037,io,36.002,27.313,31.713,4.068,4.256
120,0.5,2037,last,33.992,27.313,30.695,0.0,3.238
120,0.5,2037,center,40.633,47.313,43.93,16.658,16.473
120,0.5,2037,demand,36.002,27.313,31.713,4.068,4.256
120,0.5,2037,cog,32.29,34.892,33.575,6.157,6.118
120,0.5,2038,io,35.123,26.372,30.803,4.097,4.295
120,0.5,2038,last,33.807,26.372,30.137,0.0,3.629
120,0.5,2038,center,39.4,46.372,42.842,16.532,16.334
120,0.5,2038,demand,35.123,26.372,30.803,4.097,4.295
120,0.5,2038,cog,31.81,34.618,33.196,6.757,6.689
120,0.5,2039,io,39.15,29.674,34.472,4.4,4.638
120,0.5,2039,last,37.792,29.674,33.785,0.0,3.951
120,0.5,2039,center,42.99,49.674,46.29,16.597,16.456
120,0.5,2039,demand,39.15,29.674,34.472,4.4,4.638
120,0.5,2039,cog,35.523,37.89,36.691,6.856,6.857
120,0.5,2040,io,36.035,27.531,31.837,4.033,4.21
120,0.5,2040,last,34.105,27.531,30.859,0.0,3.233
120,0.5,2040,center,39.98,47.531,43.708,16.258,16.081
120,0.5,2040,demand,36.035,27.531,31.837,4.033,4.21
120,0.5,2040,cog,32.495,35.531,33.994,6.395,6.367
120,0.5,2041,io,37.305,28.177,32.799,4.342,4.529
120,0.5,2041,last,34.97,28.177,31.616,0.0,3.347
120,0.5,2041,center,40.61,48.177,44.346,16.263,16.076
120,0.5,2041,demand,37.305,28.177,32.799,4.342,4.529
120,0.5,2041,cog,33.343,36.321,34.813,6.567,6.543
120,0.5,2042,io,38.163,28.841,33.561,4.489,4.638
120,0.5,2042,last,36.15,28.841,32.542,0.0,3.619
120,0.5,2042,center,41.737,48.841,45.244,16.461,16.322
120,0.5,2042,demand,38.163,28.841,33.561,4.489,4.638
120,0.5,2042,cog,34.093,37.621,35.834,7.005,6.911
120,0.5,2043,io,35.983,27.885,31.985,3.697,3.946
120,0.5,2043,last,34.752,27.885,31.362,0.0,3.323
120,0.5,2043,center,42.04,47.885,44.925,17.043,16.886
120,0.5,2043,demand,35.983,27.885,31.985,3.697,3.946
120,0.5,2043,cog,33.218,35.074,34.134,6.123,6.095
120,0.5,2044,io,34.455,25.946,30.254,3.952,4.139
120,0.5,2044,last,32.833,25.946,29.433,0.0,3.318
120,0.5,2044,center,39.7,45.946,42.784,16.856,16.668
120,0.5,2044,demand,34.455,25.946,30.254,3.952,4.139
120,0.5,2044,cog,31.425,33.669,32.533,6.462,6.418
120,0.5,2045,io,35.273,26.472,30.928,4.192,4.359
120,0.5,2045,last,34.417,26.472,30.495,0.0,3.927
120,0.5,2045,center,40.117,46.472,43.254,16.851,16.686
120,0.5,2045,demand,35.273,26.472,30.928,4.192,4.359
120,0.5,2045,cog,32.315,34.431,33.359,6.87,6.791
120,0.5,2046,io,36.877,27.397,32.197,4.58,4.742
120,0.5,2046,last,35.735,27.397,31.619,0.0,4.163
120,0.5,2046,center,40.852,47.397,44.084,16.79,16.628
120,0.5,2046,demand,36.877,27.397,32.197,4.58,4.742
120,0.5,2046,cog,33.385,35.551,34.454,7.084,6.999
120,0.5,2047,io,37.72,28.482,33.159,4.256,4.491
120,0.5,2047,last,35.002,28.482,31.784,0.0,3.115
120,0.5,2047,center,40.95,48.482,44.668,16.142,16.0
120,0.5,2047,demand,37.72,28.482,33.159,4.256,4.491
120,0.5,2047,cog,33.642,36.533,35.07,6.435,6.401
120,0.5,2048,io,34.305,26.021,30.215,3.976,4.143
120,0.5,2048,last,32.583,26.021,29.343,0.0,3.271
120,0.5,2048,center,39.042,46.021,42.487,16.567,16.415
120,0.5,2048,demand,34.305,26.021,30.215,3.976,4.143
120,0.5,2048,cog,30.8,33.897,32.329,6.325,6.257
120,0.5,2049,io,33.697,26.226,30.009,3.504,3.691
120,0.5,2049,last,32.42,26.226,29.362,0.0,3.044
120,0.5,2049,center,39.943,46.226,43.044,16.911,16.727
120,0.5,2049,demand,33.697,26.226,30.009,3.504,3.691
120,0.5,2049,cog,30.775,33.415,32.078,5.832,5.761
120,0.5,2050,io,34.7,26.231,30.519,3.922,4.124
120,0.5,2050,last,33.163,26.231,29.741,0.0,3.346
120,0.5,2050,center,39.855,46.231,43.003,16.81,16.608
120,0.5,2050,demand,34.7,26.231,30.519,3.922,4.124
120,0.5,2050,cog,31.492,33.8,32.632,6.254,6.237
120,0.5,2051,io,36.617,27.579,32.156,4.28,4.482
120,0.5,2051,last,34.002,27.579,30.832,0.0,3.158
120,0.5,2051,center,40.105,47.579,43.795,16.324,16.122
120,0.5,2051,demand,36.617,27.579,32.156,4.28,4.482
120,0.5,2051,cog,32.758,35.426,34.075,6.468,6.401
120,0.5,2052,io,34.508,26.144,30.378,3.98,4.147
120,0.5,2052,last,32.642,26.144,29.434,0.0,3.203
120,0.5,2052,center,39.138,46.144,42.596,16.532,16.365
120,0.5,2052,demand,34.508,26.144,30.378,3.98,4.147
120,0.5,2052,cog,30.863,33.908,32.366,6.146,6.134
120,0.5,2053,io,38.108,28.892,33.558,4.254,4.497
120,0.5,2053,last,37.108,28.892,33.052,0.0,3.991
120,0.5,2053,center,43.205,48.892,46.013,17.104,16.952
120,0.5,2053,demand,38.108,28.892,33.558,4.254,4.497
120,0.5,2053,cog,35.278,36.913,36.085,7.043,7.024
120,0.5,2054,io,34.638,26.279,30.511,3.834,4.067
120,0.5,2054,last,32.86,26.279,29.611,0.0,3.167
120,0.5,2054,center,40.16,46.279,43.181,16.873,16.737
120,0.5,2054,demand,34.638,26.279,30.511,3.834,4.067
120,0.5,2054,cog,31.215,33.203,32.196,5.746,5.752
120,0.5,2055,io,34.41,25.7,30.11,4.149,4.337
120,0.5,2055,last,33.165,25.7,29.48,0.0,3.706
120,0.5,2055,center,38.725,45.7,42.168,16.582,16.395
120,0.5,2055,demand,34.41,25.7,30.11,4.149,4.337
120,0.5,2055,cog,31.095,33.433,32.249,6.496,6.476
120,0.0,2026,io,35.523,27.472,31.548,3.747,3.934
120,0.0,2026,last,33.938,27.472,30.746,0.0,3.132
120,0.0,2026,center,41.013,47.472,44.201,16.775,16.587
120,0.0,2026,demand,32.14,33.113,32.62,4.925,5.006
120,0.0,2026,cog,32.208,34.764,33.47,5.903,5.856
120,0.0,2027,io,35.608,27.272,31.492,3.914,4.101
120,0.0,2027,last,33.593,27.272,30.472,0.0,3.081
120,0.0,2027,center,40.318,47.272,43.751,16.547,16.359
120,0.0,2027,demand,31.835,33.733,32.772,5.296,5.381
120,0.0,2027,cog,31.957,34.595,33.259,5.881,5.868
120,0.0,2028,io,33.138,26.051,29.639,3.329,3.506
120,0.0,2028,last,32.395,26.051,29.263,0.0,3.13
120,0.0,2028,center,40.648,46.051,43.315,17.359,17.182
120,0.0,2028,demand,30.99,32.564,31.767,5.499,5.634
120,0.0,2028,cog,30.872,33.395,32.118,6.077,5.985
120,0.0,2029,io,35.7,26.997,31.404,4.162,4.329
120,0.0,2029,last,34.737,26.997,30.916,0.0,3.842
120,0.0,2029,center,40.515,46.997,43.715,16.808,16.641
120,0.0,2029,demand,32.905,33.408,33.153,6.059,6.078
120,0.0,2029,cog,32.617,34.526,33.559,6.552,6.485
120,0.0,2030,io,36.583,27.308,32.004,4.365,4.544
120,0.0,2030,last,34.12,27.308,30.757,0.0,3.297
120,0.0,2030,center,39.972,47.308,43.594,16.311,16.134
120,0.0,2030,demand,32.538,34.538,33.525,6.035,6.066
120,0.0,2030,cog,32.523,34.938,33.715,6.315,6.256
120,0.0,2031,io,34.782,26.833,30.858,3.838,3.99
120,0.0,2031,last,33.117,26.833,30.015,0.0,3.147
120,0.0,2031,center,40.343,46.833,43.547,16.83,16.678
120,0.0,2031,demand,31.97,33.346,32.649,5.658,5.781
120,0.0,2031,cog,31.922,33.459,32.681,5.968,5.813
120,0.0,2032,io,37.248,28.241,32.801,4.242,4.434
120,0.0,2032,last,35.888,28.241,32.113,0.0,3.746
120,0.0,2032,center,41.47,48.241,44.813,16.638,16.446
120,0.0,2032,demand,34.105,33.215,33.666,5.159,5.299
120,0.0,2032,cog,33.987,34.795,34.386,6.082,6.019
120,0.0,2033,io,38.235,28.959,33.656,4.457,4.624
120,0.0,2033,last,35.633,28.959,32.338,0.0,3.306
120,0.0,2033,center,41.227,48.959,45.044,16.18,16.013
120,0.0,2033,demand,33.962,37.01,35.467,6.399,6.435
120,0.0,2033,cog,33.855,37.605,35.706,6.781,6.675
120,0.0,2034,io,38.64,28.469,33.619,4.899,5.078
120,0.0,2034,last,37.265,28.469,32.923,0.0,4.382
120,0.0,2034,center,42.045,48.469,45.216,16.851,16.676
120,0.0,2034,demand,35.218,35.341,35.278,6.676,6.738
120,0.0,2034,cog,35.035,36.756,35.885,7.511,7.344
120,0.0,2035,io,35.968,27.779,31.925,3.694,3.952
120,0.0,2035,last,33.828,27.779,30.842,0.0,2.868
120,0.0,2035,center,41.333,47.779,44.515,16.709,16.542
120,0.0,2035,demand,32.572,34.651,33.599,5.489,5.625
120,0.0,2035,cog,32.697,35.154,33.91,5.891,5.937
120,0.0,2036,io,38.98,29.221,34.162,4.658,4.841
120,0.0,2036,last,38.495,29.221,33.916,0.0,4.595
120,0.0,2036,center,43.215,49.221,46.18,17.038,16.858
120,0.0,2036,demand,36.263,35.323,35.799,6.37,6.477
120,0.0,2036,cog,36.142,37.087,36.609,7.389,7.287
120,0.0,2037,io,36.002,27.313,31.713,4.068,4.256
120,0.0,2037,last,33.992,27.313,30.695,0.0,3.238
120,0.0,2037,center,40.633,47.313,43.93,16.658,16.473
120,0.0,2037,demand,32.51,33.774,33.134,5.592,5.677
120,0.0,2037,cog,32.29,34.892,33.575,6.157,6.118
120,0.0,2038,io,35.123,26.372,30.803,4.097,4.295
120,0.0,2038,last,33.807,26.372,30.137,0.0,3.629
120,0.0,2038,center,39.4,46.372,42.842,16.532,16.334
120,0.0,2038,demand,31.977,34.474,33.21,6.613,6.703
120,0.0,2038,cog,31.81,34.618,33.196,6.757,6.689
120,0.0,2039,io,39.15,29.674,34.472,4.4,4.638
120,0.0,2039,last,37.792,29.674,33.785,0.0,3.951
120,0.0,2039,center,42.99,49.674,46.29,16.597,16.456
120,0.0,2039,demand,35.778,37.367,36.562,6.584,6.728
120,0.0,2039,cog,35.523,37.89,36.691,6.856,6.857
120,0.0,2040,io,36.035,27.531,31.837,4.033,4.21
120,0.0,2040,last,34.105,27.531,30.859,0.0,3.233
120,0.0,2040,center,39.98,47.531,43.708,16.258,16.081
120,0.0,2040,demand,32.72,34.813,33.753,6.056,6.127
120,0.0,2040,cog,32.495,35.531,33.994,6.395,6.367
120,0.0,2041,io,37.305,28.177,32.799,4.342,4.529
120,0.0,2041,last,34.97,28.177,31.616,0.0,3.347
120,0.0,2041,center,40.61,48.177,44.346,16.263,16.076
120,0.0,2041,demand,33.625,34.638,34.125,5.77,5.856
120,0.0,2041,cog,33.343,36.321,34.813,6.567,6.543
120,0.0,2042,io,38.163,28.841,33.561,4.489,4.638
120,0.0,2042,last,36.15,28.841,32.542,0.0,3.619
120,0.0,2042,center,41.737,48.841,45.244,16.461,16.322
120,0.0,2042,demand,34.705,36.674,35.677,6.616,6.754
120,0.0,2042,cog,34.093,37.621,35.834,7.005,6.911
120,0.0,2043,io,35.983,27.885,31.985,3.697,3.946
120,0.0,2043,last,34.752,27.885,31.362,0.0,3.323
120,0.0,2043,center,42.04,47.885,44.925,17.043,16.886
120,0.0,2043,demand,33.188,32.436,32.816,4.591,4.777
120,0.0,2043,cog,33.218,35.074,34.134,6.123,6.095
120,0.0,2044,io,34.455,25.946,30.254,3.952,4.139
120,0.0,2044,last,32.833,25.946,29.433,0.0,3.318
120,0.0,2044,center,39.7,45.946,42.784,16.856,16.668
120,0.0,2044,demand,31.312,32.459,31.878,5.667,5.763
120,0.0,2044,cog,31.425,33.669,32.533,6.462,6.418
120,0.0,2045,io,35.273,26.472,30.928,4.192,4.359
120,0.0,2045,last,34.417,26.472,30.495,0.0,3.927
120,0.0,2045,center,40.117,46.472,43.254,16.851,16.686
120,0.0,2045,demand,32.358,33.754,33.047,6.418,6.478
120,0.0,2045,cog,32.315,34.431,33.359,6.87,6.791
120,0.0,2046,io,36.877,27.397,32.197,4.58,4.742
120,0.0,2046,last,35.735,27.397,31.619,0.0,4.163
120,0.0,2046,center,40.852,47.397,44.084,16.79,16.628
120,0.0,2046,demand,33.415,35.038,34.216,6.729,6.761
120,0.0,2046,cog,33.385,35.551,34.454,7.084,6.999
120,0.0,2047,io,37.72,28.482,33.159,4.256,4.491
120,0.0,2047,last,35.002,28.482,31.784,0.0,3.115
120,0.0,2047,center,40.95,48.482,44.668,16.142,16.0
120,0.0,2047,demand,33.892,36.174,35.019,6.234,6.351
120,0.0,2047,cog,33.642,36.533,35.07,6.435,6.401
120,0.0,2048,io,34.305,26.021,30.215,3.976,4.143
120,0.0,2048,last,32.583,26.021,29.343,0.0,3.271
120,0.0,2048,center,39.042,46.021,42.487,16.567,16.415
120,0.0,2048,demand,30.94,33.251,32.081,5.978,6.009
120,0.0,2048,cog,30.8,33.897,32.329,6.325,6.257
120,0.0,2049,io,33.697,26.226,30.009,3.504,3.691
120,0.0,2049,last,32.42,26.226,29.362,0.0,3.044
120,0.0,2049,center,39.943,46.226,43.044,16.911,16.727
120,0.0,2049,demand,31.043,31.918,31.475,5.042,5.157
120,0.0,2049,cog,30.775,33.415,32.078,5.832,5.761
120,0.0,2050,io,34.7,26.231,30.519,3.922,4.124
120,0.0,2050,last,33.163,26.231,29.741,0.0,3.346
120,0.0,2050,center,39.855,46.231,43.003,16.81,16.608
120,0.0,2050,demand,31.692,33.103,32.389,5.906,5.994
120,0.0,2050,cog,31.492,33.8,32.632,6.254,6.237
120,0.0,2051,io,36.617,27.579,32.156,4.28,4.482
120,0.0,2051,last,34.002,27.579,30.832,0.0,3.158
120,0.0,2051,center,40.105,47.579,43.795,16.324,16.122
120,0.0,2051,demand,32.815,34.81,33.8,6.077,6.127
120,0.0,2051,cog,32.758,35.426,34.075,6.468,6.401
120,0.0,2052,io,34.508,26.144,30.378,3.98,4.147
120,0.0,2052,last,32.642,26.144,29.434,0.0,3.203
120,0.0,2052,center,39.138,46.144,42.596,16.532,16.365
120,0.0,2052,demand,30.828,33.426,32.11,5.792,5.878
120,0.0,2052,cog,30.863,33.908,32.366,6.146,6.134
120,0.0,2053,io,38.108,28.892,33.558,4.254,4.497
120,0.0,2053,last,37.108,28.892,33.052,0.0,3.991
120,0.0,2053,center,43.205,48.892,46.013,17.104,16.952
120,0.0,2053,demand,35.153,34.892,35.024,5.804,5.963
120,0.0,2053,cog,35.278,36.913,36.085,7.043,7.024
120,0.0,2054,io,34.638,26.279,30.511,3.834,4.067
120,0.0,2054,last,32.86,26.279,29.611,0.0,3.167
120,0.0,2054,center,40.16,46.279,43.181,16.873,16.737
120,0.0,2054,demand,31.198,33.1,32.137,5.608,5.692
120,0.0,2054,cog,31.215,33.203,32.196,5.746,5.752
120,0.0,2055,io,34.41,25.7,30.11,4.149,4.337
120,0.0,2055,last,33.165,25.7,29.48,0.0,3.706
120,0.0,2055,center,38.725,45.7,42.168,16.582,16.395
120,0.0,2055,demand,31.21,32.931,32.059,6.251,6.286
120,0.0,2055,cog,31.095,33.433,32.249,6.496,6.476
240,0.5,2026,io,50.267,34.287,42.482,6.764,7.554
240,0.5,2026,last,46.925,34.287,40.768,0.0,5.84
240,0.5,2026,center,45.505,54.287,49.783,15.09,14.855
240,0.5,2026,demand,50.267,34.287,42.482,6.764,7.554
240,0.5,2026,cog,44.105,48.813,46.399,11.477,11.471
240,0.5,2027,io,49.242,33.579,41.612,6.572,7.367
240,0.5,2027,last,46.965,33.579,40.444,0.0,6.199
240,0.5,2027,center,45.252,53.579,49.309,15.291,15.064
240,0.5,2027,demand,49.242,33.579,41.612,6.572,7.367
240,0.5,2027,cog,44.028,47.874,45.901,11.596,11.656
240,0.5,2028,io,52.065,35.258,43.921,7.142,8.013
240,0.5,2028,last,49.678,35.258,42.691,0.0,6.782
240,0.5,2028,center,46.595,55.258,50.793,15.168,14.884
240,0.5,2028,demand,52.065,35.258,43.921,7.142,8.013
240,0.5,2028,cog,45.752,50.035,47.827,11.943,11.919
240,0.5,2029,io,54.715,37.339,46.182,8.047,8.566
240,0.5,2029,last,50.023,37.339,43.794,0.0,6.178
240,0.5,2029,center,47.69,57.339,52.429,14.935,14.813
240,0.5,2029,demand,54.715,37.339,46.182,8.047,8.566
240,0.5,2029,cog,47.2,52.769,49.935,12.317,12.319
240,0.5,2030,io,52.057,34.718,43.61,7.459,8.269
240,0.5,2030,last,47.005,34.718,41.019,0.0,5.678
240,0.5,2030,center,45.062,54.718,49.767,14.641,14.426
240,0.5,2030,demand,52.057,34.718,43.61,7.459,8.269
240,0.5,2030,cog,44.405,50.476,47.363,12.046,12.022
240,0.5,2031,io,53.002,36.295,44.798,7.676,8.195
240,0.5,2031,last,49.0,36.295,42.761,0.0,6.158
240,0.5,2031,center,46.648,56.295,51.385,14.963,14.782
240,0.5,2031,demand,53.002,36.295,44.798,7.676,8.195
240,0.5,2031,cog,45.932,50.99,48.416,11.83,11.813
240,0.5,2032,io,47.305,32.768,40.223,6.012,6.765
240,0.5,2032,last,45.735,32.768,39.418,0.0,5.96
240,0.5,2032,center,45.605,52.768,49.095,15.827,15.637
240,0.5,2032,demand,47.305,32.768,40.223,6.012,6.765
240,0.5,2032,cog,43.32,45.053,44.164,10.522,10.706
240,0.5,2033,io,52.675,35.9,44.503,7.353,8.086
240,0.5,2033,last,47.365,35.9,41.779,0.0,5.363
240,0.5,2033,center,46.047,55.9,50.847,14.712,14.431
240,0.5,2033,demand,52.675,35.9,44.503,7.353,8.086
240,0.5,2033,cog,45.62,50.542,48.018,11.688,11.601
240,0.5,2034,io,49.33,33.908,41.817,6.579,7.323
240,0.5,2034,last,46.57,33.908,40.401,0.0,5.908
240,0.5,2034,center,45.32,53.908,49.504,15.251,15.01
240,0.5,2034,demand,49.33,33.908,41.817,6.579,7.323
240,0.5,2034,cog,44.005,49.203,46.537,12.149,12.044
240,0.5,2035,io,52.782,36.624,44.847,7.43,7.921
240,0.5,2035,last,49.855,36.624,43.358,0.0,6.431
240,0.5,2035,center,47.377,56.624,51.919,15.155,14.992
240,0.5,2035,demand,52.782,36.624,44.847,7.43,7.921
240,0.5,2035,cog,46.438,51.795,49.069,12.195,12.142
240,0.5,2036,io,53.23,36.35,44.94,7.729,8.258
240,0.5,2036,last,48.69,36.35,42.63,0.0,5.948
240,0.5,2036,center,46.445,56.35,51.309,14.78,14.627
240,0.5,2036,demand,53.23,36.35,44.94,7.729,8.258
240,0.5,2036,cog,45.72,51.199,48.411,11.763,11.729
240,0.5,2037,io,49.42,34.065,41.919,6.78,7.409
240,0.5,2037,last,46.867,34.065,40.614,0.0,6.104
240,0.5,2037,center,44.535,54.065,49.191,14.921,14.68
240,0.5,2037,demand,49.42,34.065,41.919,6.78,7.409
240,0.5,2037,cog,43.55,48.62,46.027,11.552,11.517
240,0.5,2038,io,53.99,36.56,45.43,7.905,8.469
240,0.5,2038,last,49.742,36.56,43.268,0.0,6.308
240,0.5,2038,center,46.977,56.56,51.683,14.869,14.723
240,0.5,2038,demand,53.99,36.56,45.43,7.905,8.469
240,0.5,2038,cog,46.273,51.72,48.948,12.023,11.987
240,0.5,2039,io,50.26,34.561,42.632,6.452,7.337
240,0.5,2039,last,47.472,34.561,41.199,0.0,5.904
240,0.5,2039,center,46.462,54.561,50.397,15.348,15.102
240,0.5,2039,demand,50.26,34.561,42.632,6.452,7.337
240,0.5,2039,cog,45.04,49.884,47.393,12.103,12.098
240,0.5,2040,io,52.328,35.843,44.275,7.238,7.918
240,0.5,2040,last,48.79,35.843,42.465,0.0,6.109
240,0.5,2040,center,46.455,55.843,51.041,14.925,14.684
240,0.5,2040,demand,52.328,35.843,44.275,7.238,7.918
240,0.5,2040,cog,45.568,50.628,48.04,11.66,11.683
240,0.5,2041,io,52.898,36.396,44.794,7.618,8.112
240,0.5,2041,last,49.055,36.396,42.838,0.0,6.156
240,0.5,2041,center,46.572,56.396,51.397,14.837,14.715
240,0.5,2041,demand,52.898,36.396,44.794,7.618,8.112
240,0.5,2041,cog,45.945,52.541,49.184,12.508,12.503
240,0.5,2042,io,54.343,37.409,46.027,7.793,8.302
240,0.5,2042,last,49.108,37.409,43.363,0.0,5.637
240,0.5,2042,center,47.447,57.409,52.34,14.726,14.615
240,0.5,2042,demand,54.343,37.409,46.027,7.793,8.302
240,0.5,2042,cog,46.83,52.891,49.807,12.034,12.081
240,0.5,2043,io,53.6,36.992,45.444,7.55,8.084
240,0.5,2043,last,48.682,36.992,42.941,0.0,5.581
240,0.5,2043,center,47.138,56.992,51.977,14.795,14.617
240,0.5,2043,demand,53.6,36.992,45.444,7.55,8.084
240,0.5,2043,cog,46.625,51.687,49.111,11.72,11.751
240,0.5,2044,io,50.07,34.029,42.213,7.093,7.675
240,0.5,2044,last,45.943,34.029,40.107,0.0,5.569
240,0.5,2044,center,44.358,54.029,49.094,14.73,14.556
240,0.5,2044,demand,50.07,34.029,42.213,7.093,7.675
240,0.5,2044,cog,43.18,48.789,45.927,11.348,11.389
240,0.5,2045,io,53.285,36.741,45.118,7.766,8.151
240,0.5,2045,last,49.165,36.741,43.032,0.0,6.065
240,0.5,2045,center,46.913,56.741,51.765,14.919,14.797
240,0.5,2045,demand,53.285,36.741,45.118,7.766,8.151
240,0.5,2045,cog,46.117,53.121,49.575,12.652,12.608
240,0.5,2046,io,50.197,34.328,42.425,7.066,7.643
240,0.5,2046,last,47.24,34.328,40.916,0.0,6.134
240,0.5,2046,center,45.718,54.328,49.935,15.301,15.153
240,0.5,2046,demand,50.197,34.328,42.425,7.066,7.643
240,0.5,2046,cog,44.42,49.005,46.666,11.86,11.884
240,0.5,2047,io,55.235,37.523,46.537,8.059,8.639
240,0.5,2047,last,50.845,37.523,44.303,0.0,6.405
240,0.5,2047,center,48.005,57.523,52.679,14.913,14.781
240,0.5,2047,demand,55.235,37.523,46.537,8.059,8.639
240,0.5,2047,cog,47.75,53.617,50.631,12.791,12.733
240,0.5,2048,io,52.453,35.358,44.124,7.308,8.113
240,0.5,2048,last,48.667,35.358,42.183,0.0,6.172
240,0.5,2048,center,46.858,55.358,50.999,15.208,14.987
240,0.5,2048,demand,52.453,35.358,44.124,7.308,8.113
240,0.5,2048,cog,46.24,50.979,48.549,12.555,12.537
240,0.5,2049,io,50.615,34.753,42.846,7.079,7.686
240,0.5,2049,last,46.41,34.753,40.7,0.0,5.541
240,0.5,2049,center,45.513,54.753,50.038,15.047,14.879
240,0.5,2049,demand,50.615,34.753,42.846,7.079,7.686
240,0.5,2049,cog,44.08,48.982,46.481,11.264,11.321
240,0.5,2050,io,49.555,34.167,42.018,6.847,7.418
240,0.5,2050,last,47.233,34.167,40.833,0.0,6.233
240,0.5,2050,center,45.355,54.167,49.671,15.224,15.071
240,0.5,2050,demand,49.555,34.167,42.018,6.847,7.418
240,0.5,2050,cog,43.888,48.49,46.142,11.528,11.542
240,0.5,2051,io,53.37,36.654,45.182,7.462,8.089
240,0.5,2051,last,49.07,36.654,42.989,0.0,5.895
240,0.5,2051,center,46.645,56.654,51.547,14.643,14.454
240,0.5,2051,demand,53.37,36.654,45.182,7.462,8.089
240,0.5,2051,cog,45.905,51.799,48.792,11.749,11.699
240,0.5,2052,io,50.502,35.2,42.948,7.128,7.503
240,0.5,2052,last,46.695,35.2,41.02,0.0,5.575
240,0.5,2052,center,45.345,55.2,50.21,14.896,14.765
240,0.5,2052,demand,50.502,35.2,42.948,7.128,7.503
240,0.5,2052,cog,44.075,49.744,46.873,11.453,11.428
240,0.5,2053,io,53.605,36.128,45.068,7.793,8.473
240,0.5,2053,last,48.625,36.128,42.52,0.0,5.926
240,0.5,2053,center,47.055,56.128,51.487,15.12,14.893
240,0.5,2053,demand,53.605,36.128,45.068,7.793,8.473
240,0.5,2053,cog,46.343,51.814,49.015,12.526,12.421
240,0.5,2054,io,49.485,34.524,42.176,6.52,7.169
240,0.5,2054,last,46.733,34.524,40.769,0.0,5.761
240,0.5,2054,center,45.282,54.524,49.797,15.004,14.789
240,0.5,2054,demand,49.485,34.524,42.176,6.52,7.169
240,0.5,2054,cog,44.155,49.372,46.703,11.747,11.696
240,0.5,2055,io,54.73,36.654,45.876,8.295,8.866
240,0.5,2055,last,50.33,36.654,43.631,0.0,6.621
240,0.5,2055,center,46.555,56.654,51.501,14.654,14.491
240,0.5,2055,demand,54.73,36.654,45.876,8.295,8.866
240,0.5,2055,cog,46.318,52.549,49.37,12.397,12.36
240,0.0,2026,io,50.267,34.287,42.482,6.764,7.554
240,0.0,2026,last,46.925,34.287,40.768,0.0,5.84
240,0.0,2026,center,45.505,54.287,49.783,15.09,14.855
240,0.0,2026,demand,44.34,47.918,46.083,11.047,11.155
240,0.0,2026,cog,44.105,48.813,46.399,11.477,11.471
240,0.0,2027,io,49.242,33.579,41.612,6.572,7.367
240,0.0,2027,last,46.965,33.579,40.444,0.0,6.199
240,0.0,2027,center,45.252,53.579,49.309,15.291,15.064
240,0.0,2027,demand,43.742,46.432,45.053,10.638,10.808
240,0.0,2027,cog,44.028,47.874,45.901,11.596,11.656
240,0.0,2028,io,52.065,35.258,43.921,7.142,8.013
240,0.0,2028,last,49.678,35.258,42.691,0.0,6.782
240,0.0,2028,center,46.595,55.258,50.793,15.168,14.884
240,0.0,2028,demand,46.227,47.715,46.948,10.827,11.04
240,0.0,2028,cog,45.752,50.035,47.827,11.943,11.919
240,0.0,2029,io,54.715,37.339,46.182,8.047,8.566
240,0.0,2029,last,50.023,37.339,43.794,0.0,6.178
240,0.0,2029,center,47.69,57.339,52.429,14.935,14.813
240,0.0,2029,demand,47.47,51.422,49.411,11.655,11.795
240,0.0,2029,cog,47.2,52.769,49.935,12.317,12.319
240,0.0,2030,io,52.057,34.718,43.61,7.459,8.269
240,0.0,2030,last,47.005,34.718,41.019,0.0,5.678
240,0.0,2030,center,45.062,54.718,49.767,14.641,14.426
240,0.0,2030,demand,44.59,48.761,46.622,11.168,11.281
240,0.0,2030,cog,44.405,50.476,47.363,12.046,12.022
240,0.0,2031,io,53.002,36.295,44.798,7.676,8.195
240,0.0,2031,last,49.0,36.295,42.761,0.0,6.158
240,0.0,2031,center,46.648,56.295,51.385,14.963,14.782
240,0.0,2031,demand,46.638,47.684,47.151,10.294,10.548
240,0.0,2031,cog,45.932,50.99,48.416,11.83,11.813
240,0.0,2032,io,47.305,32.768,40.223,6.012,6.765
240,0.0,2032,last,45.735,32.768,39.418,0.0,5.96
240,0.0,2032,center,45.605,52.768,49.095,15.827,15.637
240,0.0,2032,demand,43.3,41.705,42.523,8.586,9.065
240,0.0,2032,cog,43.32,45.053,44.164,10.522,10.706
240,0.0,2033,io,52.675,35.9,44.503,7.353,8.086
240,0.0,2033,last,47.365,35.9,41.779,0.0,5.363
240,0.0,2033,center,46.047,55.9,50.847,14.712,14.431
240,0.0,2033,demand,45.688,49.268,47.432,10.795,11.015
240,0.0,2033,cog,45.62,50.542,48.018,11.688,11.601
240,0.0,2034,io,49.33,33.908,41.817,6.579,7.323
240,0.0,2034,last,46.57,33.908,40.401,0.0,5.908
240,0.0,2034,center,45.32,53.908,49.504,15.251,15.01
240,0.0,2034,demand,44.443,47.603,45.982,11.36,11.488
240,0.0,2034,cog,44.005,49.203,46.537,12.149,12.044
240,0.0,2035,io,52.782,36.624,44.847,7.43,7.921
240,0.0,2035,last,49.855,36.624,43.358,0.0,6.431
240,0.0,2035,center,47.377,56.624,51.919,15.155,14.992
240,0.0,2035,demand,46.578,50.759,48.631,11.583,11.705
240,0.0,2035,cog,46.438,51.795,49.069,12.195,12.142
240,0.0,2036,io,53.23,36.35,44.94,7.729,8.258
240,0.0,2036,last,48.69,36.35,42.63,0.0,5.948
240,0.0,2036,center,46.445,56.35,51.309,14.78,14.627
240,0.0,2036,demand,46.105,48.536,47.299,10.351,10.617
240,0.0,2036,cog,45.72,51.199,48.411,11.763,11.729
240,0.0,2037,io,49.42,34.065,41.919,6.78,7.409
240,0.0,2037,last,46.867,34.065,40.614,0.0,6.104
240,0.0,2037,center,44.535,54.065,49.191,14.921,14.68
240,0.0,2037,demand,43.69,46.945,45.28,10.63,10.77
240,0.0,2037,cog,43.55,48.62,46.027,11.552,11.517
240,0.0,2038,io,53.99,36.56,45.43,7.905,8.469
240,0.0,2038,last,49.742,36.56,43.268,0.0,6.308
240,0.0,2038,center,46.977,56.56,51.683,14.869,14.723
240,0.0,2038,demand,46.675,49.409,48.018,10.899,11.057
240,0.0,2038,cog,46.273,51.72,48.948,12.023,11.987
240,0.0,2039,io,50.26,34.561,42.632,6.452,7.337
240,0.0,2039,last,47.472,34.561,41.199,0.0,5.904
240,0.0,2039,center,46.462,54.561,50.397,15.348,15.102
240,0.0,2039,demand,45.032,49.418,47.163,11.765,11.868
240,0.0,2039,cog,45.04,49.884,47.393,12.103,12.098
240,0.0,2040,io,52.328,35.843,44.275,7.238,7.918
240,0.0,2040,last,48.79,35.843,42.465,0.0,6.109
240,0.0,2040,center,46.455,55.843,51.041,14.925,14.684
240,0.0,2040,demand,45.648,49.958,47.753,11.242,11.396
240,0.0,2040,cog,45.568,50.628,48.04,11.66,11.683
240,0.0,2041,io,52.898,36.396,44.794,7.618,8.112
240,0.0,2041,last,49.055,36.396,42.838,0.0,6.156
240,0.0,2041,center,46.572,56.396,51.397,14.837,14.715
240,0.0,2041,demand,46.017,52.49,49.196,12.443,12.514
240,0.0,2041,cog,45.945,52.541,49.184,12.508,12.503
240,0.0,2042,io,54.343,37.409,46.027,7.793,8.302
240,0.0,2042,last,49.108,37.409,43.363,0.0,5.637
240,0.0,2042,center,47.447,57.409,52.34,14.726,14.615
240,0.0,2042,demand,47.055,51.917,49.443,11.567,11.718
240,0.0,2042,cog,46.83,52.891,49.807,12.034,12.081
240,0.0,2043,io,53.6,36.992,45.444,7.55,8.084
240,0.0,2043,last,48.682,36.992,42.941,0.0,5.581
240,0.0,2043,center,47.138,56.992,51.977,14.795,14.617
240,0.0,2043,demand,46.695,50.402,48.515,10.934,11.155
240,0.0,2043,cog,46.625,51.687,49.111,11.72,11.751
240,0.0,2044,io,50.07,34.029,42.213,7.093,7.675
240,0.0,2044,last,45.943,34.029,40.107,0.0,5.569
240,0.0,2044,center,44.358,54.029,49.094,14.73,14.556
240,0.0,2044,demand,43.178,47.32,45.207,10.505,10.668
240,0.0,2044,cog,43.18,48.789,45.927,11.348,11.389
240,0.0,2045,io,53.285,36.741,45.118,7.766,8.151
240,0.0,2045,last,49.165,36.741,43.032,0.0,6.065
240,0.0,2045,center,46.913,56.741,51.765,14.919,14.797
240,0.0,2045,demand,46.29,51.305,48.766,11.63,11.799
240,0.0,2045,cog,46.117,53.121,49.575,12.652,12.608
240,0.0,2046,io,50.197,34.328,42.425,7.066,7.643
240,0.0,2046,last,47.24,34.328,40.916,0.0,6.134
240,0.0,2046,center,45.718,54.328,49.935,15.301,15.153
240,0.0,2046,demand,44.447,47.141,45.767,10.867,10.985
240,0.0,2046,cog,44.42,49.005,46.666,11.86,11.884
240,0.0,2047,io,55.235,37.523,46.537,8.059,8.639
240,0.0,2047,last,50.845,37.523,44.303,0.0,6.405
240,0.0,2047,center,48.005,57.523,52.679,14.913,14.781
240,0.0,2047,demand,47.91,52.394,50.112,12.122,12.214
240,0.0,2047,cog,47.75,53.617,50.631,12.791,12.733
240,0.0,2048,io,52.453,35.358,44.124,7.308,8.113
240,0.0,2048,last,48.667,35.358,42.183,0.0,6.172
240,0.0,2048,center,46.858,55.358,50.999,15.208,14.987
240,0.0,2048,demand,46.05,49.947,47.949,11.686,11.937
240,0.0,2048,cog,46.24,50.979,48.549,12.555,12.537
240,0.0,2049,io,50.615,34.753,42.846,7.079,7.686
240,0.0,2049,last,46.41,34.753,40.7,0.0,5.541
240,0.0,2049,center,45.513,54.753,50.038,15.047,14.879
240,0.0,2049,demand,44.362,46.096,45.212,9.76,10.052
240,0.0,2049,cog,44.08,48.982,46.481,11.264,11.321
240,0.0,2050,io,49.555,34.167,42.018,6.847,7.418
240,0.0,2050,last,47.233,34.167,40.833,0.0,6.233
240,0.0,2050,center,45.355,54.167,49.671,15.224,15.071
240,0.0,2050,demand,43.795,47.458,45.589,10.834,10.99
240,0.0,2050,cog,43.888,48.49,46.142,11.528,11.542
240,0.0,2051,io,53.37,36.654,45.182,7.462,8.089
240,0.0,2051,last,49.07,36.654,42.989,0.0,5.895
240,0.0,2051,center,46.645,56.654,51.547,14.643,14.454
240,0.0,2051,demand,46.212,50.747,48.434,11.218,11.341
240,0.0,2051,cog,45.905,51.799,48.792,11.749,11.699
240,0.0,2052,io,50.502,35.2,42.948,7.128,7.503
240,0.0,2052,last,46.695,35.2,41.02,0.0,5.575
240,0.0,2052,center,45.345,55.2,50.21,14.896,14.765
240,0.0,2052,demand,43.977,48.123,46.024,10.43,10.578
240,0.0,2052,cog,44.075,49.744,46.873,11.453,11.428
240,0.0,2053,io,53.605,36.128,45.068,7.793,8.473
240,0.0,2053,last,48.625,36.128,42.52,0.0,5.926
240,0.0,2053,center,47.055,56.128,51.487,15.12,14.893
240,0.0,2053,demand,46.593,49.479,48.003,11.201,11.408
240,0.0,2053,cog,46.343,51.814,49.015,12.526,12.421
240,0.0,2054,io,49.485,34.524,42.176,6.52,7.169
240,0.0,2054,last,46.733,34.524,40.769,0.0,5.761
240,0.0,2054,center,45.282,54.524,49.797,15.004,14.789
240,0.0,2054,demand,44.083,49.026,46.497,11.399,11.49
240,0.0,2054,cog,44.155,49.372,46.703,11.747,11.696
240,0.0,2055,io,54.73,36.654,45.876,8.295,8.866
240,0.0,2055,last,50.33,36.654,43.631,0.0,6.621
240,0.0,2055,center,46.555,56.654,51.501,14.654,14.491
240,0.0,2055,demand,46.595,51.112,48.807,11.716,11.797
240,0.0,2055,cog,46.318,52.549,49.37,12.397,12.36
