label,seed,strategy,avg_retr,resp_p50,resp_p95,util,n_down,fails,viol
base:canonical,2026,seq,19.422934023925457,134.89645392716375,917.9616137053558,0.49015726602977344,1,0,0
base:canonical,2026,near,11.757961524729913,110.88475413549531,854.3472939499615,0.4906689998410704,1,0,0
base:canonical,2026,score,11.287552847860265,108.47579189265889,862.6665817615317,0.49048206705889,1,0,0
base:canonical,2026,awra,10.740850585273417,105.33095206121652,679.841850356073,0.4913056154876704,1,0,0
base:canonical,2027,seq,21.11765946629594,109.83333333333348,507.12448077636327,0.5245289628686077,1,0,0
base:canonical,2027,near,11.955387249970661,71.33333333333303,190.7377963914132,0.524407279073097,0,0,0
base:canonical,2027,score,11.62703001551502,70.26153656360884,193.06585324796742,0.5242704280108526,0,0,0
base:canonical,2027,awra,10.521125156460284,67.65788865366994,180.26723477886208,0.5245202600250076,0,0,0
base:canonical,2028,seq,20.952695571713633,111.0,265.69030363271844,0.4558532137479287,0,0,0
base:canonical,2028,near,11.523569196951849,72.26153656360839,189.95419084232935,0.45644709427238644,0,0,0
base:canonical,2028,score,11.033982821178142,73.33333333333394,175.62028512417555,0.4562531766664697,0,0,0
base:canonical,2028,awra,10.6195045405319,70.81664810688108,230.37113278007746,0.4562189548458762,0,0,0
base:canonical,2029,seq,20.69726113346808,163.4720689628557,756.2765904693865,0.5331697733239709,1,0,0
base:canonical,2029,near,11.890566546324228,156.85812750716468,668.4516406752623,0.5334030246586314,1,0,0
base:canonical,2029,score,11.165831533236231,133.1915523841035,605.6021346676375,0.5330108018795198,1,0,0
base:canonical,2029,awra,10.741096509672488,148.98554145464277,618.2219567877721,0.5333407084419755,1,0,0
base:canonical,2030,seq,20.862337945110802,582.7020718119056,2048.3526524435465,0.5542364901800494,5,0,0
base:canonical,2030,near,11.469415172933807,280.61113534941956,857.8288877078285,0.5262759035002058,4,0,0
base:canonical,2030,score,10.985052432450125,245.8112602309884,787.1856248977656,0.55386262942652,3,0,0
base:canonical,2030,awra,10.526490367591299,269.91297403544036,823.003988887232,0.5543689010354165,3,0,0
base:canonical,2031,seq,18.885464222057973,144.0346758124188,652.168793882216,0.5518653936613204,2,0,0
base:canonical,2031,near,11.30192466942541,127.80343377428528,325.4180544704675,0.5653774224512472,1,0,0
base:canonical,2031,score,10.913082197238815,120.06891528254454,334.0925312932177,0.5654876457793528,1,0,0
base:canonical,2031,awra,10.860231865215148,123.94145598815055,543.3164164459085,0.5644833702984394,1,0,0
base:canonical,2032,seq,18.79037579293742,176.46268392727654,2530.25145727018,0.4507793949503552,4,0,0
base:canonical,2032,near,11.773088022903975,176.31962550381712,1722.0626725612356,0.4503262014378225,4,0,0
base:canonical,2032,score,10.986264621778265,173.81202348323734,1562.4292049499336,0.45053890155871956,4,0,0
base:canonical,2032,awra,11.005683733008894,133.75882342571276,1459.8543762878867,0.4500900761357455,4,0,0
base:canonical,2033,seq,20.499360092836433,111.0,249.07356453193006,0.45148738915155373,1,0,0
base:canonical,2033,near,11.626586118930307,72.83333333333394,160.30107422624997,0.4508662554760039,0,0,0
base:canonical,2033,score,11.546695665114443,73.12311549870356,177.94974914771137,0.45090880466438416,0,0,0
base:canonical,2033,awra,10.926492457162821,68.16176045807947,164.18493280960047,0.45140009272780385,0,0,0
base:canonical,2034,seq,21.550192023703847,111.0,692.816648106882,0.43531177541143334,3,0,0
base:canonical,2034,near,12.373329108693673,72.33333333333394,451.34410892044434,0.4311514543922945,2,0,0
base:canonical,2034,score,11.996946470500454,69.65788865366994,452.45457363665446,0.4310117791552495,2,0,0
base:canonical,2034,awra,10.846082952591958,70.82742827874245,652.6666666666661,0.42430387308510753,2,0,0
base:canonical,2035,seq,21.46242746267772,319.4121939601898,1354.4406486845323,0.4495826754091966,3,0,0
base:canonical,2035,near,10.978271837634153,222.81037798457112,853.3746582038818,0.44939374668395843,1,0,0
base:canonical,2035,score,10.485392245905544,224.53532460954182,804.7766424171778,0.4499336555763873,1,0,0
base:canonical,2035,awra,10.809719467826515,125.96167911682551,656.2323128189,0.4499470006981653,1,0,0
base:canonical,2036,seq,19.09684112441088,205.87087674293934,1954.699548225748,0.5401165349822887,5,0,0
base:canonical,2036,near,11.45117646439062,136.05427007691378,822.1068011669549,0.5130897530251686,5,0,0
base:canonical,2036,score,11.43842173790876,139.42692459647287,832.5694368277373,0.5123588010811158,5,0,0
base:canonical,2036,awra,10.91210523921502,164.39502911092026,874.1087240153183,0.5123521932450673,5,0,0
base:canonical,2037,seq,21.03444889504304,113.33333333333394,609.4177167825901,0.37728785861376307,4,0,0
base:canonical,2037,near,12.260595942403198,90.41852307045701,659.3570076980759,0.3724512722463233,3,0,0
base:canonical,2037,score,12.127159635812994,86.0531345032723,684.7042886168238,0.3667643501567198,3,0,0
base:canonical,2037,awra,10.272073593119973,73.6111272750777,415.6117460163359,0.37745357265975293,2,0,0
base:canonical,2038,seq,20.067510030022248,136.3993161988219,636.996287710138,0.4553187228273179,2,0,0
base:canonical,2038,near,11.532575022021367,136.26429799596372,888.1032553896396,0.4551450789280439,2,0,0
base:canonical,2038,score,11.12691260154148,120.28680824291587,920.0456532598223,0.4550963485161433,2,0,0
base:canonical,2038,awra,10.751557221873107,148.8989690481576,800.11508450478,0.4549696025766548,2,0,0
base:canonical,2039,seq,21.847444787753698,108.99018758282546,334.1575843649266,0.43857299595585225,2,0,0
base:canonical,2039,near,11.550016589379602,72.51398114490803,218.80435351481538,0.4386613694238042,1,0,0
base:canonical,2039,score,10.945372670813478,70.40952781612214,263.7638706679263,0.438445740971228,1,0,0
base:canonical,2039,awra,11.166087289097948,72.05411131817709,210.36608724965254,0.4384776815457237,1,0,0
base:canonical,2040,seq,21.145694066574958,317.87821866496506,929.1293192227313,0.48980172926757504,2,0,0
base:canonical,2040,near,11.179639272224728,157.43960018717735,823.0740270353499,0.49025828012554645,1,0,0
base:canonical,2040,score,10.479299197512148,152.6234434351627,817.4727311674299,0.49004177788724756,1,0,0
base:canonical,2040,awra,10.716898022384298,146.61887387108504,756.112021168831,0.4902869024168328,1,0,0
base:canonical,2041,seq,19.389807760535646,104.26153656360839,970.1108014483943,0.4646447660674528,3,0,0
base:canonical,2041,near,11.736018923615486,75.05301318898364,451.41240526020965,0.48773289241756657,1,0,0
base:canonical,2041,score,11.701450752316271,77.33333333333303,457.5323313341005,0.48763485113950217,1,0,0
base:canonical,2041,awra,10.741868012335617,72.81664810688108,479.10182996017693,0.4871741365131678,1,0,0
base:canonical,2042,seq,19.645169225097284,144.88906465228092,872.3694847053534,0.45097419083754603,4,0,0
base:canonical,2042,near,10.95450005717615,129.47843826164262,856.2092077771974,0.4448065717923026,3,0,0
base:canonical,2042,score,10.821628186387168,129.57288357730795,856.6520943258339,0.443710827954852,3,0,0
base:canonical,2042,awra,11.261633045948038,132.68094748064505,806.1025540549452,0.44755958012331776,3,0,0
base:canonical,2043,seq,22.010093889056357,406.0429350781096,997.9662730604473,0.47906991497115936,3,0,0
base:canonical,2043,near,11.295166862740256,118.44063734707925,875.7833799471873,0.4786880068647832,2,0,0
base:canonical,2043,score,10.911173945760678,129.74754999926887,881.4370523024727,0.4734154895354639,2,0,0
base:canonical,2043,awra,10.909149673442665,110.36903074585689,859.942199069983,0.4792822904093162,2,0,0
base:canonical,2044,seq,19.446378403077837,132.32883383431727,722.8273998022723,0.4862529869503063,1,0,0
base:canonical,2044,near,12.018069992943435,83.67768786263969,398.0622518774717,0.48521853376417123,0,0,0
base:canonical,2044,score,11.596357750015125,87.77829830403425,393.2964000915904,0.48521175966045527,0,0,0
base:canonical,2044,awra,11.728620359084982,76.55038684806823,483.8001837237357,0.4856288498098077,0,0,0
base:canonical,2045,seq,20.624485523515613,136.23142046207204,964.1379280854744,0.452258523208554,2,0,0
base:canonical,2045,near,11.614501442953117,101.19375930504793,359.6895858473599,0.45175367700027413,2,0,0
base:canonical,2045,score,11.08797321952778,90.32578980614744,300.0785381638839,0.4519896097019261,2,0,0
base:canonical,2045,awra,10.994587847781862,95.80691052730072,332.44417932380384,0.4518871176247131,2,0,0
base:canonical,2046,seq,18.096160388680172,211.96967512592983,1074.5278889342499,0.4823496333205509,1,0,0
base:canonical,2046,near,11.36854502304406,128.19053389805697,744.6985788267448,0.4899005479515801,0,0,0
base:canonical,2046,score,11.298041344126592,126.5046178169323,667.8540372177918,0.49012523569517197,0,0,0
base:canonical,2046,awra,11.297357621593427,101.07141707389837,612.7247789038813,0.4894943706405412,0,0,0
base:canonical,2047,seq,21.98631078797654,380.96050090141944,1528.1864569894828,0.44176619417926927,4,0,0
base:canonical,2047,near,11.55227095445495,199.65075571734724,1452.032351355252,0.4407650995758834,3,0,0
base:canonical,2047,score,11.138162245953406,164.91796544099748,1424.2007247052786,0.4408364786099115,3,0,0
base:canonical,2047,awra,11.044543897090843,145.49520856058916,1344.8926432227224,0.4413143815251341,3,0,0
base:canonical,2048,seq,21.284397083919306,111.0,422.65474516771155,0.4585501236647585,2,0,0
base:canonical,2048,near,11.681656947070346,84.09964429597721,542.0984530042056,0.4593550331137244,1,0,0
base:canonical,2048,score,11.637592587981008,87.83499754829387,542.3751739918457,0.4592508006881205,1,0,0
base:canonical,2048,awra,11.247737639170484,79.83333333333303,582.9730168314877,0.4589034245417975,1,0,0
base:canonical,2049,seq,21.51729872804494,104.99676128648025,229.32593613788322,0.541007675505745,0,0,0
base:canonical,2049,near,11.198584990453664,69.83333333333394,148.96317257721694,0.5409085948496206,0,0,0
base:canonical,2049,score,10.499813084097381,67.0,148.2367126872,0.5411628260759541,0,0,0
base:canonical,2049,awra,11.374833772180935,68.35646997178583,166.50776368891093,0.5426971977264455,0,0,0
base:canonical,2050,seq,21.26871126133889,112.23231281890003,546.04902131988,0.5428966871747365,1,0,0
base:canonical,2050,near,11.435406302007848,96.54585238990694,483.825432199822,0.543633570810821,1,0,0
base:canonical,2050,score,11.070680610884983,97.49165465053557,643.5172544183542,0.5433924869634779,1,0,0
base:canonical,2050,awra,10.878485002946691,82.96965956903114,620.1323329028633,0.5438658424972848,1,0,0
base:canonical,2051,seq,19.951446517200896,637.7476809027248,1268.409923747924,0.5958384131257967,5,0,0
base:canonical,2051,near,11.450967761482348,613.5775938547777,1020.215721833566,0.5928901601234954,4,0,0
base:canonical,2051,score,10.885808131135692,606.0710543584435,998.9060499780708,0.5934068692048705,4,0,0
base:canonical,2051,awra,11.06520134566895,571.8040225708585,995.4978595666312,0.5934418357063477,4,0,0
base:canonical,2052,seq,21.461507036320025,184.01645651844046,717.326506623147,0.5586218424299468,3,0,0
base:canonical,2052,near,10.768872015152752,110.08972999371508,774.0785057657044,0.5589391559385832,1,0,0
base:canonical,2052,score,10.189441310514834,108.85971942767719,764.4283162915067,0.5590815437057716,1,0,0
base:canonical,2052,awra,10.50222501449299,100.0488567755715,764.0239869440138,0.5587909060938524,1,0,0
base:canonical,2053,seq,20.269000376662074,143.4356793498091,851.3926582660279,0.49640972743564266,3,0,0
base:canonical,2053,near,12.215950809492428,90.17274157488282,689.7403279660375,0.49500839569915106,3,0,0
base:canonical,2053,score,12.255636296493655,95.11839883102766,681.9888144846818,0.4948660197099151,3,0,0
base:canonical,2053,awra,11.86318093538028,103.4274236109768,763.7813830074037,0.49557922771769863,3,0,0
base:canonical,2054,seq,20.781413908083177,115.33333333333334,282.72250594891466,0.42400252241691977,0,0,0
base:canonical,2054,near,11.1980190685749,82.03410837983392,186.40585503237935,0.42427230134287397,0,0,0
base:canonical,2054,score,10.746418617675193,77.90890286608192,218.2783681446199,0.4245756301156771,0,0,0
base:canonical,2054,awra,10.197015335004682,72.83333333333303,184.78297969498863,0.4249419481051856,0,0,0
base:canonical,2055,seq,22.33421839105972,139.21233146790837,690.7785855397906,0.44802738232686795,3,0,0
base:canonical,2055,near,11.010448756145575,92.97250275972692,712.5813181652629,0.4481654267423614,3,0,0
base:canonical,2055,score,10.311449504003324,90.03112883363792,697.3019469616302,0.4481227059272252,3,0,0
base:canonical,2055,awra,11.41093836540338,107.27314372485489,701.3503377249485,0.448522080699226,3,0,0
G2_rho:low_0.60,2026,seq,19.422934023925457,107.0,769.627527388912,0.3926174080140276,1,0,0
G2_rho:low_0.60,2026,near,11.757961524729913,81.00204119016598,716.5339147186755,0.3929456711451377,1,0,0
G2_rho:low_0.60,2026,score,11.287552847860265,76.33333333333394,738.8544451398304,0.39282577472933594,1,0,0
G2_rho:low_0.60,2026,awra,10.740850585273417,73.83333333333394,666.9999999999999,0.39335385223078906,1,0,0
G2_rho:low_0.60,2027,seq,21.11765946629594,103.0,340.6602485779986,0.4200581070595615,1,0,0
G2_rho:low_0.60,2027,near,11.955387249970661,67.83333333333303,150.68601013684383,0.4199800643014624,0,0,0
G2_rho:low_0.60,2027,score,11.62703001551502,68.99018758282546,151.10113921450284,0.4198922852929708,0,0,0
G2_rho:low_0.60,2027,awra,10.521125156460284,67.0,144.25071014024525,0.42005252566906326,0,0,0
G2_rho:low_0.60,2028,seq,20.952695571713633,99.0,202.84152168661694,0.36511004340359127,0,0,0
G2_rho:low_0.60,2028,near,11.523569196951849,70.83333333333212,137.14691500361278,0.36549091973660597,0,0,0
G2_rho:low_0.60,2028,score,11.033982821178142,69.33333333333394,126.25556144532311,0.3653665753171412,0,0,0
G2_rho:low_0.60,2028,awra,10.6195045405319,67.0,160.82722563727884,0.3653446293145777,0,0,0
G2_rho:low_0.60,2029,seq,20.69726113346808,108.99018758282546,611.3721402414619,0.42705627620761344,1,0,0
G2_rho:low_0.60,2029,near,11.890566546324228,89.41673146539324,262.092256835891,0.42720590855968954,1,0,0
G2_rho:low_0.60,2029,score,11.165831533236231,89.09272967233119,234.4265935197527,0.4269542799892632,1,0,0
G2_rho:low_0.60,2029,awra,10.741096509672488,76.83333333333348,245.58287660886845,0.42716593482428106,1,0,0
G2_rho:low_0.60,2030,seq,20.862337945110802,179.63501910169907,1323.4417918998188,0.44387232873458676,5,0,0
G2_rho:low_0.60,2030,near,11.469415172933807,110.98356684188388,697.277153414896,0.4257565467756087,4,0,0
G2_rho:low_0.60,2030,score,10.985052432450125,112.16176045807879,673.3333333333339,0.4436325039140466,3,0,0
G2_rho:low_0.60,2030,awra,10.526490367591299,128.030733726403,694.9673451454846,0.4439572524219278,3,0,0
G2_rho:low_0.60,2031,seq,18.885464222057973,111.0,588.796520189353,0.44733491705138617,2,0,0
G2_rho:low_0.60,2031,near,11.30192466942541,74.60730069617057,257.54746884736227,0.4527740952145119,1,0,0
G2_rho:low_0.60,2031,score,10.913082197238815,74.82021874213751,221.08247267560796,0.452844782755997,1,0,0
G2_rho:low_0.60,2031,awra,10.860231865215148,75.14371416241556,439.2126331833533,0.45220052594593263,1,0,0
G2_rho:low_0.60,2032,seq,18.79037579293742,114.61091275040963,2145.6246766862732,0.3608737428713847,4,0,0
G2_rho:low_0.60,2032,near,11.773088022903975,100.50509467234383,1006.7848534326495,0.3605832381265629,4,0,0
G2_rho:low_0.60,2032,score,10.986264621778265,103.45088736006255,827.6447904287716,0.3607195970287588,4,0,0
G2_rho:low_0.60,2032,awra,11.005683733008894,89.33012437775972,876.8619557304974,0.3604318316175522,4,0,0
G2_rho:low_0.60,2033,seq,20.499360092836433,103.0,195.27328979987624,0.3618539804042512,1,0,0
G2_rho:low_0.60,2033,near,11.626586118930307,69.33333333333303,136.82693831263896,0.361420742091721,0,0,0
G2_rho:low_0.60,2033,score,11.546695665114443,68.83333333333303,143.34599019734924,0.3614206934150619,0,0,0
G2_rho:low_0.60,2033,awra,10.926492457162821,63.33333333333394,138.12807589149452,0.3614558355045642,0,0,0
G2_rho:low_0.60,2034,seq,21.550192023703847,103.33333333333348,663.0,0.3530263488432608,3,0,0
G2_rho:low_0.60,2034,near,12.373329108693673,69.33333333333326,322.49339249515106,0.3500775245904036,2,0,0
G2_rho:low_0.60,2034,score,11.996946470500454,68.33333333333303,328.87754818383837,0.34998543413472843,2,0,0
G2_rho:low_0.60,2034,awra,10.846082952591958,67.0,637.9621990206724,0.34357760951928196,2,0,0
G2_rho:low_0.60,2035,seq,21.46242746267772,178.2047809664532,796.9542753233309,0.3604424589746179,3,0,0
G2_rho:low_0.60,2035,near,10.978271837634153,99.03883074903752,616.0779287853879,0.36032101193462945,1,0,0
G2_rho:low_0.60,2035,score,10.485392245905544,90.4082097127266,574.0273484840723,0.36066802210388516,1,0,0
G2_rho:low_0.60,2035,awra,10.809719467826515,77.46954515692778,447.8525701829467,0.36067659718628015,1,0,0
G2_rho:low_0.60,2036,seq,19.09684112441088,130.9892059700469,1206.0060996643278,0.43337496084445387,5,0,0
G2_rho:low_0.60,2036,near,11.45117646439062,101.58570281075916,771.1465476928706,0.41580126345736296,5,0,0
G2_rho:low_0.60,2036,score,11.43842173790876,90.50479986419305,782.1871028105325,0.41532109781513454,5,0,0
G2_rho:low_0.60,2036,awra,10.91210523921502,93.02319562324737,774.357414872713,0.4153167559142548,5,0,0
G2_rho:low_0.60,2037,seq,21.03444889504304,103.0,560.272145978237,0.30206973869483295,4,0,0
G2_rho:low_0.60,2037,near,12.260595942403198,72.83333333333394,566.2386129497954,0.3010983752020072,3,0,0
G2_rho:low_0.60,2037,score,12.127159635812994,72.33333333333337,659.1012229784537,0.29607977421045273,3,0,0
G2_rho:low_0.60,2037,awra,10.272073593119973,65.33333333333348,271.3063491870889,0.30217595472702236,2,0,0
G2_rho:low_0.60,2038,seq,20.067510030022248,111.0,492.415619052746,0.36456466084556566,2,0,0
G2_rho:low_0.60,2038,near,11.532575022021367,72.80957628838041,584.8756139116244,0.3644533312423307,2,0,0
G2_rho:low_0.60,2038,score,11.12691260154148,73.66666666666652,615.8554934258214,0.3644220853096272,2,0,0
G2_rho:low_0.60,2038,awra,10.751557221873107,73.33333333333394,551.6763926110464,0.36434080958871373,2,0,0
G2_rho:low_0.60,2039,seq,21.847444787753698,107.0,267.1413553557268,0.35122269229549463,2,0,0
G2_rho:low_0.60,2039,near,11.550016589379602,68.23231281890003,164.8221373265751,0.351279366551666,1,0,0
G2_rho:low_0.60,2039,score,10.945372670813478,67.65788865366994,187.10654727606197,0.3511410751762672,1,0,0
G2_rho:low_0.60,2039,awra,11.166087289097948,68.83333333333394,186.22247587796483,0.3511615616863195,1,0,0
G2_rho:low_0.60,2040,seq,21.145694066574958,136.0524785458815,799.1091892975619,0.3923258136303744,2,0,0
G2_rho:low_0.60,2040,near,11.179639272224728,96.49382688287369,657.6499814402146,0.39261867477047974,1,0,0
G2_rho:low_0.60,2040,score,10.479299197512148,95.37217009904816,651.6578886536699,0.39247980982763864,1,0,0
G2_rho:low_0.60,2040,awra,10.716898022384298,95.26783707977665,621.8843607242752,0.39263703133387495,1,0,0
G2_rho:low_0.60,2041,seq,19.389807760535646,101.83333333333337,756.9244001953593,0.37971305161352326,3,0,0
G2_rho:low_0.60,2041,near,11.736018923615486,69.33333333333394,337.5999990677328,0.3913460409475923,1,0,0
G2_rho:low_0.60,2041,score,11.701450752316271,69.33333333333394,353.2887642033902,0.39139664264272,1,0,0
G2_rho:low_0.60,2041,awra,10.741868012335617,66.81664810688198,353.51063006344793,0.39119093039225844,1,0,0
G2_rho:low_0.60,2042,seq,19.645169225097284,107.94957527778388,750.5370259087975,0.3616194532151753,4,0,0
G2_rho:low_0.60,2042,near,10.95450005717615,88.36501359743124,734.5743889142468,0.36268505096081566,3,0,0
G2_rho:low_0.60,2042,score,10.821628186387168,92.0583119492403,756.0989107974856,0.3623442067963539,3,0,0
G2_rho:low_0.60,2042,awra,11.261633045948038,93.15341514697411,689.1225862350028,0.36234850339277236,3,0,0
G2_rho:low_0.60,2043,seq,22.010093889056357,114.26153656360839,812.7870002716008,0.3835712738729156,3,0,0
G2_rho:low_0.60,2043,near,11.295166862740256,81.91261775530256,782.5394148121836,0.38332641138951146,2,0,0
G2_rho:low_0.60,2043,score,10.911173945760678,83.28303362068868,788.6563362835818,0.38330073686348426,2,0,0
G2_rho:low_0.60,2043,awra,10.909149673442665,82.86144747163598,765.8987584040442,0.383707405885044,2,0,0
G2_rho:low_0.60,2044,seq,19.446378403077837,111.0,550.1840847803314,0.38922560846826965,1,0,0
G2_rho:low_0.60,2044,near,12.018069992943435,70.33333333333348,264.4800262278968,0.38856251692651456,0,0,0
G2_rho:low_0.60,2044,score,11.596357750015125,69.83333333333394,259.20623964398465,0.3885581728237097,0,0,0
G2_rho:low_0.60,2044,awra,11.728620359084982,68.33333333333394,320.18101282143925,0.3888255996896599,0,0,0
G2_rho:low_0.60,2045,seq,20.624485523515613,107.0,737.7474151938131,0.36204702470671335,2,0,0
G2_rho:low_0.60,2045,near,11.614501442953117,72.23231281889969,266.1789041044749,0.3617234219178281,2,0,0
G2_rho:low_0.60,2045,score,11.08797321952778,72.26153656360839,264.9197421076724,0.3618746710216845,2,0,0
G2_rho:low_0.60,2045,awra,10.994587847781862,71.0,212.5579335963714,0.3618089704120323,2,0,0
G2_rho:low_0.60,2046,seq,18.096160388680172,128.49939113799678,644.9007361163071,0.38960288737578525,1,0,0
G2_rho:low_0.60,2046,near,11.36854502304406,87.87591564472382,429.6718786918027,0.3922996867884807,0,0,0
G2_rho:low_0.60,2046,score,11.298041344126592,92.2221020140696,397.21384566608094,0.3924437522166581,0,0,0
G2_rho:low_0.60,2046,awra,11.297357621593427,88.78939029014873,375.9632776367189,0.3920391869402891,0,0,0
G2_rho:low_0.60,2047,seq,21.98631078797654,114.16667438306376,1221.1297000857244,0.35358667015521084,4,0,0
G2_rho:low_0.60,2047,near,11.55227095445495,73.83333333333394,1218.4786761853745,0.3529450493748399,3,0,0
G2_rho:low_0.60,2047,score,11.138162245953406,75.33333333333394,1191.742442026159,0.3529908167962435,3,0,0
G2_rho:low_0.60,2047,awra,11.044543897090843,86.62759131482017,1102.757277779733,0.35329716662109417,3,0,0
G2_rho:low_0.60,2048,seq,21.284397083919306,104.23231281889821,370.0684314596392,0.36724964405908916,2,0,0
G2_rho:low_0.60,2048,near,11.681656947070346,73.33333333333394,425.2392914156444,0.3677657565902198,1,0,0
G2_rho:low_0.60,2048,score,11.637592587981008,73.33333333333326,429.17954834920647,0.3676989424917865,1,0,0
G2_rho:low_0.60,2048,awra,11.247737639170484,74.93060169608566,450.5302475548192,0.36747622701298194,1,0,0
G2_rho:low_0.60,2049,seq,21.51729872804494,103.0,188.87904150895338,0.4338900771913447,0,0,0
G2_rho:low_0.60,2049,near,11.198584990453664,66.26153656360839,128.2894935581039,0.43382634524156355,0,0,0
G2_rho:low_0.60,2049,score,10.499813084097381,66.16666666666669,128.05473444955032,0.4339898658764027,0,0,0
G2_rho:low_0.60,2049,awra,11.374833772180935,67.0,128.63470461113775,0.434976122735813,0,0,0
G2_rho:low_0.60,2050,seq,21.26871126133889,110.26153656360839,451.9901460099586,0.43545013135567945,1,0,0
G2_rho:low_0.60,2050,near,11.435406302007848,71.33333333333348,361.7775547445858,0.435924072847739,1,0,0
G2_rho:low_0.60,2050,score,11.070680610884983,70.83333333333394,592.1487625261921,0.43576904295605984,1,0,0
G2_rho:low_0.60,2050,awra,10.878485002946691,73.34267686175372,501.49924883266476,0.43607341028026997,1,0,0
G2_rho:low_0.60,2051,seq,19.951446517200896,217.67803070159425,804.2706775151796,0.4770509815551944,5,0,0
G2_rho:low_0.60,2051,near,11.450967761482348,204.87027371517615,735.0932518640739,0.47613838531450675,4,0,0
G2_rho:low_0.60,2051,score,10.885808131135692,187.5074601260385,720.8287580889719,0.4763314650325722,4,0,0
G2_rho:low_0.60,2051,awra,11.06520134566895,162.1139180045693,729.9777101417458,0.476090123398462,4,0,0
G2_rho:low_0.60,2052,seq,21.461507036320025,111.0,517.9521895350731,0.4474020624496482,3,0,0
G2_rho:low_0.60,2052,near,10.768872015152752,74.78271679224235,715.7122499209177,0.4476055789314283,1,0,0
G2_rho:low_0.60,2052,score,10.189441310514834,81.27264189067682,687.7665661294413,0.4476968877146867,1,0,0
G2_rho:low_0.60,2052,awra,10.50222501449299,73.86087339918595,666.1056526788493,0.4475105011357232,1,0,0
G2_rho:low_0.60,2053,seq,20.269000376662074,110.99018758282591,619.294052829172,0.39735887286006605,3,0,0
G2_rho:low_0.60,2053,near,12.215950809492428,74.43951967873818,518.6955047995643,0.3966401707099833,3,0,0
G2_rho:low_0.60,2053,score,12.255636296493655,72.33333333333394,542.1084451351417,0.3965232030918749,3,0,0
G2_rho:low_0.60,2053,awra,11.86318093538028,73.33333333333303,599.3822368248129,0.3968265565720126,3,0,0
G2_rho:low_0.60,2054,seq,20.781413908083177,107.0,208.50028378622937,0.33982437158642537,0,0,0
G2_rho:low_0.60,2054,near,11.1980190685749,68.81664810688108,154.5533744636382,0.3399976423659904,0,0,0
G2_rho:low_0.60,2054,score,10.746418617675193,68.16666666666674,165.6780015270615,0.340192408924112,0,0,0
G2_rho:low_0.60,2054,awra,10.197015335004682,68.33333333333348,146.04270486249197,0.3403824869185452,0,0,0
G2_rho:low_0.60,2055,seq,22.33421839105972,107.0,653.6423516956984,0.358805801959718,3,0,0
G2_rho:low_0.60,2055,near,11.010448756145575,70.83333333333348,660.6220500033019,0.35889433430997625,3,0,0
G2_rho:low_0.60,2055,score,10.311449504003324,73.33333333333394,692.7566050086498,0.3588669372297647,3,0,0
G2_rho:low_0.60,2055,awra,11.41093836540338,75.37759180229841,667.0,0.35912301774779015,3,0,0
G2_rho:high_0.90,2026,seq,19.422934023925457,495.9848593647439,1076.0327915231649,0.5874531707162218,1,0,0
G2_rho:high_0.90,2026,near,11.757961524729913,396.89367955814805,989.1634100485212,0.5881883778941337,1,0,0
G2_rho:high_0.90,2026,score,11.287552847860265,402.14038763246026,999.7470352055021,0.5879197765236509,1,0,0
G2_rho:high_0.90,2026,awra,10.740850585273417,260.31611648316675,833.3201973008404,0.5891034281545877,1,0,0
G2_rho:high_0.90,2027,seq,21.11765946629594,121.17349967327686,618.1006355752743,0.6287836999251765,1,0,0
G2_rho:high_0.90,2027,near,11.955387249970661,72.66666666666697,258.1090852865291,0.6286088456216877,0,0,0
G2_rho:high_0.90,2027,score,11.62703001551502,72.37066103917005,279.34268545267423,0.6284122158809037,0,0,0
G2_rho:high_0.90,2027,awra,10.521125156460284,75.83333333333303,228.86496813126723,0.6287711937833586,0,0,0
G2_rho:high_0.90,2028,seq,20.952695571713633,111.65788865366994,342.2472988274476,0.5463841475933607,0,0,0
G2_rho:high_0.90,2028,near,11.523569196951849,79.02722880013243,250.02294909714237,0.5472375573467999,0,0,0
G2_rho:high_0.90,2028,score,11.033982821178142,81.94060658937815,230.73323076533552,0.5469588480595035,0,0,0
G2_rho:high_0.90,2028,awra,10.6195045405319,73.83333333333303,295.7726896038498,0.5469096674240185,0,0,0
G2_rho:high_0.90,2029,seq,20.69726113346808,587.2619914671141,1220.6963071073615,0.638869892422334,1,0,0
G2_rho:high_0.90,2029,near,11.890566546324228,586.6265476137407,949.5492559390177,0.6393600360459725,1,0,0
G2_rho:high_0.90,2029,score,11.165831533236231,522.1485729007254,897.5904937269174,0.6387965938000315,1,0,0
G2_rho:high_0.90,2029,awra,10.741096509672488,500.7622371205364,895.1754756403097,0.6392705055427922,1,0,0
G2_rho:high_0.90,2030,seq,20.862337945110802,1044.1723193464632,2595.901889742375,0.6643310916431369,5,0,0
G2_rho:high_0.90,2030,near,11.469415172933807,778.5993028168709,1294.3584522213741,0.6244383571281277,4,0,0
G2_rho:high_0.90,2030,score,10.985052432450125,699.7882441661313,1230.8631031566179,0.6636684752837544,3,0,0
G2_rho:high_0.90,2030,awra,10.526490367591299,732.8628110366353,1280.8443551428577,0.6645509255012633,3,0,0
G2_rho:high_0.90,2031,seq,18.885464222057973,236.49829164932453,694.4169763441259,0.6537005468774427,2,0,0
G2_rho:high_0.90,2031,near,11.30192466942541,267.9023312374784,474.1109305122209,0.6777461466330865,1,0,0
G2_rho:high_0.90,2031,score,10.913082197238815,277.3597532582435,472.9649028304491,0.6779045438472621,1,0,0
G2_rho:high_0.90,2031,awra,10.860231865215148,275.95488944135786,608.7081248160357,0.6764617960979131,1,0,0
G2_rho:high_0.90,2032,seq,18.79037579293742,272.15352481956154,3080.2956558340693,0.5405604537290042,4,0,0
G2_rho:high_0.90,2032,near,11.773088022903975,369.8019495521993,2241.90790162289,0.5399088896097433,4,0,0
G2_rho:high_0.90,2032,score,10.986264621778265,397.03512666936876,2099.0116660260187,0.5402146597469505,4,0,0
G2_rho:high_0.90,2032,awra,11.005683733008894,276.5102172647813,2006.1617358304352,0.5395695115575738,4,0,0
G2_rho:high_0.90,2033,seq,20.499360092836433,137.2199596839364,318.71685797823557,0.5403474560471822,1,0,0
G2_rho:high_0.90,2033,near,11.626586118930307,86.22847879748156,226.50314294099644,0.5394580041380289,0,0,0
G2_rho:high_0.90,2033,score,11.546695665114443,80.67452306953692,265.40750356891886,0.5395189184231411,0,0,0
G2_rho:high_0.90,2033,awra,10.926492457162821,80.32739887912567,251.21357530637488,0.5403113678722173,0,0,0
G2_rho:high_0.90,2034,seq,21.550192023703847,160.98473357390435,701.9028535955813,0.5151821782710124,3,0,0
G2_rho:high_0.90,2034,near,12.373329108693673,87.80610996653013,545.0539117519602,0.5096332412150039,2,0,0
G2_rho:high_0.90,2034,score,11.996946470500454,83.34497660037869,541.8851852861335,0.509585889187971,2,0,0
G2_rho:high_0.90,2034,awra,10.846082952591958,90.68031396025617,658.165112620527,0.5031103667660816,2,0,0
G2_rho:high_0.90,2035,seq,21.46242746267772,519.4492747129218,1877.898428414073,0.5383397378300521,3,0,0
G2_rho:high_0.90,2035,near,10.978271837634153,306.3050875890999,1064.7620103634133,0.5380688710730515,1,0,0
G2_rho:high_0.90,2035,score,10.485392245905544,294.6181873046553,1009.1547522127732,0.5388430567532246,1,0,0
G2_rho:high_0.90,2035,awra,10.809719467826515,218.45282412322922,854.8768699283219,0.5388621972281098,1,0,0
G2_rho:high_0.90,2036,seq,19.09684112441088,922.7413574544262,2533.9559884514874,0.6462285815645347,5,0,0
G2_rho:high_0.90,2036,near,11.45117646439062,386.40015665064766,1080.5614693056891,0.60595802701661,5,0,0
G2_rho:high_0.90,2036,score,11.43842173790876,408.73243495657925,1130.4359956016265,0.6041640395235996,5,0,0
G2_rho:high_0.90,2036,awra,10.91210523921502,446.1705579840582,1195.024619511354,0.6015302202594955,5,0,0
G2_rho:high_0.90,2037,seq,21.03444889504304,146.46186425485485,658.7793305673631,0.45238682162274263,4,0,0
G2_rho:high_0.90,2037,near,12.260595942403198,117.44916133528295,708.5837312038675,0.44233255030631874,3,0,0
G2_rho:high_0.90,2037,score,12.127159635812994,112.72956368739142,703.3924627362421,0.43615732053550915,3,0,0
G2_rho:high_0.90,2037,awra,10.272073593119973,96.93849210123153,532.0342491594156,0.4526250928068098,2,0,0
G2_rho:high_0.90,2038,seq,20.067510030022248,325.2099250293809,924.2257527815202,0.5436621287984081,2,0,0
G2_rho:high_0.90,2038,near,11.532575022021367,513.8578659031901,1146.8456236717943,0.5456691280301136,2,0,0
G2_rho:high_0.90,2038,score,11.12691260154148,543.7482862043914,1176.2808472381712,0.5455990874234915,2,0,0
G2_rho:high_0.90,2038,awra,10.751557221873107,455.96450572537015,1024.9217338638819,0.5453844133454171,2,0,0
G2_rho:high_0.90,2039,seq,21.847444787753698,132.32440372778728,506.01298106612103,0.525742284241122,2,0,0
G2_rho:high_0.90,2039,near,11.550016589379602,85.36327692217856,317.8142405137751,0.5258692835425427,1,0,0
G2_rho:high_0.90,2039,score,10.945372670813478,91.0568918204525,369.878216276712,0.5255594271537529,1,0,0
G2_rho:high_0.90,2039,awra,11.166087289097948,91.63886958996318,334.5519208525184,0.5256053216871851,1,0,0
G2_rho:high_0.90,2040,seq,21.145694066574958,720.6522552316328,1222.7645588977593,0.5870372220561495,2,0,0
G2_rho:high_0.90,2040,near,11.179639272224728,228.35537341872805,1075.2039899563551,0.5876931561187337,1,0,0
G2_rho:high_0.90,2040,score,10.479299197512148,205.81272347592767,1048.3200256989728,0.5873820735562042,1,0,0
G2_rho:high_0.90,2040,awra,10.716898022384298,234.004930290218,1050.198233623029,0.5877342863193781,1,0,0
G2_rho:high_0.90,2041,seq,19.389807760535646,114.47680785588818,1101.2809405326295,0.5460727344738202,3,0,0
G2_rho:high_0.90,2041,near,11.736018923615486,101.82977346567714,517.569523515896,0.5822810337167066,1,0,0
G2_rho:high_0.90,2041,score,11.701450752316271,104.89929765796148,538.3538833177699,0.5822631559380419,1,0,0
G2_rho:high_0.90,2041,awra,10.741868012335617,89.26066523500958,549.607806903166,0.5822031107775334,1,0,0
G2_rho:high_0.90,2042,seq,19.645169225097284,273.36597554988475,985.3634594766835,0.5399147196854014,4,0,0
G2_rho:high_0.90,2042,near,10.95450005717615,425.1720865064781,949.6383397886248,0.516809910013918,3,0,0
G2_rho:high_0.90,2042,score,10.821628186387168,455.20563721363396,981.6132798654321,0.5153312948205244,3,0,0
G2_rho:high_0.90,2042,awra,11.261633045948038,385.7308832230358,934.13855129187,0.5192207324564282,3,0,0
G2_rho:high_0.90,2043,seq,22.010093889056357,621.7381080826653,1214.3837257987407,0.5744116622298617,3,0,0
G2_rho:high_0.90,2043,near,11.295166862740256,210.48373470275237,1111.785848791551,0.5738627047824901,2,0,0
G2_rho:high_0.90,2043,score,10.911173945760678,191.48331982069422,1139.4047012743004,0.5601064403537245,2,0,0
G2_rho:high_0.90,2043,awra,10.909149673442665,170.19573107272936,1100.8210915055165,0.5747170075762288,2,0,0
G2_rho:high_0.90,2044,seq,19.446378403077837,163.98412927055313,872.1794330518269,0.5831691398029363,1,0,0
G2_rho:high_0.90,2044,near,12.018069992943435,99.48867906238047,530.8967715603294,0.5816818649453601,0,0,0
G2_rho:high_0.90,2044,score,11.596357750015125,98.62849657427228,533.6765213261228,0.5816721296995413,0,0,0
G2_rho:high_0.90,2044,awra,11.728620359084982,90.23176655322663,614.1528671945321,0.5822716419071675,0,0,0
G2_rho:high_0.90,2045,seq,20.624485523515613,164.95374229182562,1322.192784165415,0.5423503964297772,2,0,0
G2_rho:high_0.90,2045,near,11.614501442953117,118.15851240921666,439.869624544614,0.5416245429889383,2,0,0
G2_rho:high_0.90,2045,score,11.08797321952778,112.36092250218644,422.40575136798,0.5419059902443333,2,0,0
G2_rho:high_0.90,2045,awra,10.994587847781862,116.1955596950229,462.0658109455244,0.5418163687216213,2,0,0
G2_rho:high_0.90,2046,seq,18.096160388680172,387.72255028040763,1447.8315816034956,0.5733405185467232,1,0,0
G2_rho:high_0.90,2046,near,11.36854502304406,177.91535175628326,1006.2758394821335,0.58731288373289,0,0,0
G2_rho:high_0.90,2046,score,11.298041344126592,181.7427524088198,943.8281442628622,0.5876358388693975,0,0,0
G2_rho:high_0.90,2046,awra,11.297357621593427,166.2911454272836,866.2509900821701,0.586729213864069,0,0,0
G2_rho:high_0.90,2047,seq,21.98631078797654,935.9541419121178,1723.8270308685082,0.5298591167065462,4,0,0
G2_rho:high_0.90,2047,near,11.55227095445495,771.1434842128247,1653.6212269800367,0.5284196064063766,3,0,0
G2_rho:high_0.90,2047,score,11.138162245953406,736.9102236292119,1628.9922841891655,0.5285222018565618,3,0,0
G2_rho:high_0.90,2047,awra,11.044543897090843,614.0459460403554,1527.9059282551625,0.5292092778266713,3,0,0
G2_rho:high_0.90,2048,seq,21.284397083919306,139.97985880982196,583.3439969487417,0.5496471993156741,2,0,0
G2_rho:high_0.90,2048,near,11.681656947070346,118.1193588393935,759.655087388132,0.5508040915572393,1,0,0
G2_rho:high_0.90,2048,score,11.637592587981008,106.85381942498293,751.3984213538806,0.5506542333326769,1,0,0
G2_rho:high_0.90,2048,awra,11.247737639170484,106.13196671710409,834.2595029024942,0.550154897493675,1,0,0
G2_rho:high_0.90,2049,seq,21.51729872804494,112.00831760981418,269.1874624134721,0.6475914088002144,0,0,0
G2_rho:high_0.90,2049,near,11.198584990453664,76.96143164323269,194.2928088602937,0.6474494479772173,0,0,0
G2_rho:high_0.90,2049,score,10.499813084097381,75.44766234984024,187.21214384330506,0.6478137260788317,0,0,0
G2_rho:high_0.90,2049,awra,11.374833772180935,85.21109355578051,183.35173271130043,0.6500137007817611,0,0,0
G2_rho:high_0.90,2050,seq,21.26871126133889,172.3181964606647,624.179739988789,0.6497856697150131,1,0,0
G2_rho:high_0.90,2050,near,11.435406302007848,149.2359609995874,580.9824131380778,0.6508415650301751,1,0,0
G2_rho:high_0.90,2050,score,11.070680610884983,133.88618952508864,677.7629156797962,0.6504960490326687,1,0,0
G2_rho:high_0.90,2050,awra,10.878485002946691,118.75702962364386,723.9228760174506,0.6511745088007195,1,0,0
G2_rho:high_0.90,2051,seq,19.951446517200896,1184.1313423389156,1737.2056642644084,0.7144366277242462,5,0,0
G2_rho:high_0.90,2051,near,11.450967761482348,881.6597906353154,1411.987561034136,0.6958369785792321,4,0,0
G2_rho:high_0.90,2051,score,10.885808131135692,876.0144182267275,1376.0969365998292,0.6965488119483708,4,0,0
G2_rho:high_0.90,2051,awra,11.06520134566895,874.6210173480476,1346.6491167275713,0.6965969905957257,4,0,0
G2_rho:high_0.90,2052,seq,21.461507036320025,477.73784931054274,995.9704737702259,0.6695910334874704,3,0,0
G2_rho:high_0.90,2052,near,10.768872015152752,258.36017411323724,980.7748370642853,0.6700469874579491,1,0,0
G2_rho:high_0.90,2052,score,10.189441310514834,232.00624233448775,927.9008543410619,0.6702516206699354,1,0,0
G2_rho:high_0.90,2052,awra,10.50222501449299,204.2237846805092,887.4892099903363,0.6698339515564498,1,0,0
G2_rho:high_0.90,2053,seq,20.269000376662074,220.4780639817193,1103.7649094323779,0.595345439505827,3,0,0
G2_rho:high_0.90,2053,near,12.215950809492428,125.63954677981462,760.3097182862357,0.5875213764966833,3,0,0
G2_rho:high_0.90,2053,score,12.255636296493655,114.2976694951758,741.5990089772713,0.5925023255032608,3,0,0
G2_rho:high_0.90,2053,awra,11.86318093538028,128.48499820776124,955.4353206877313,0.5936194823851799,3,0,0
G2_rho:high_0.90,2054,seq,20.781413908083177,140.93702103920623,419.1252595353467,0.5078729095018476,0,0,0
G2_rho:high_0.90,2054,near,11.1980190685749,99.60151750337081,284.87763244491407,0.5082600208465687,0,0,0
G2_rho:high_0.90,2054,score,10.746418617675193,96.12147877335974,330.59059557757246,0.5086953899618484,0,0,0
G2_rho:high_0.90,2054,awra,10.197015335004682,92.32856975161485,285.3444385482717,0.5092213321030419,0,0,0
G2_rho:high_0.90,2055,seq,22.33421839105972,285.024628092754,721.2580721749255,0.5370582455505947,3,0,0
G2_rho:high_0.90,2055,near,11.010448756145575,115.85095592915513,731.5655526735964,0.5344697552333106,3,0,0
G2_rho:high_0.90,2055,score,10.311449504003324,104.67103191657043,709.415087716422,0.5315693812933489,3,0,0
G2_rho:high_0.90,2055,awra,11.41093836540338,114.92293107007936,704.5141703263457,0.5377692452969403,3,0,0
G3_sigma:low_0.15,2026,seq,19.422934023925457,134.89645392716375,917.9616137053558,0.49015726602977344,1,0,0
G3_sigma:low_0.15,2026,near,11.757961524729913,110.88475413549531,854.3472939499615,0.4906689998410704,1,0,0
G3_sigma:low_0.15,2026,score,11.211239924815606,117.40117926443054,862.9535792194611,0.49047984897852664,1,0,0
G3_sigma:low_0.15,2026,awra,10.800220397706141,106.18326314344267,684.5605014933572,0.49128108594532566,1,0,0
G3_sigma:low_0.15,2027,seq,21.11765946629594,109.83333333333348,507.12448077636327,0.5245289628686077,1,0,0
G3_sigma:low_0.15,2027,near,11.955387249970661,71.33333333333303,190.7377963914132,0.524407279073097,0,0,0
G3_sigma:low_0.15,2027,score,11.574549129737768,68.99018758282591,193.1474470013145,0.5243105273127893,0,0,0
G3_sigma:low_0.15,2027,awra,10.622232236410856,68.29273624160942,190.33987914697263,0.5247119078681776,0,0,0
G3_sigma:low_0.15,2028,seq,20.952695571713633,111.0,265.69030363271844,0.4558532137479287,0,0,0
G3_sigma:low_0.15,2028,near,11.523569196951849,72.26153656360839,189.95419084232935,0.45644709427238644,0,0,0
G3_sigma:low_0.15,2028,score,10.978070740205549,72.33333333333394,174.37882894167097,0.4562436272613676,0,0,0
G3_sigma:low_0.15,2028,awra,10.562827529823458,70.81664810688198,227.28965680457395,0.45612293720449776,0,0,0
G3_sigma:low_0.15,2029,seq,20.69726113346808,163.4720689628557,756.2765904693865,0.5331697733239709,1,0,0
G3_sigma:low_0.15,2029,near,11.890566546324228,156.85812750716468,668.4516406752623,0.5334030246586314,1,0,0
G3_sigma:low_0.15,2029,score,11.216062264508405,135.2091998785927,603.5281857683135,0.5330170300286295,1,0,0
G3_sigma:low_0.15,2029,awra,10.818476294951278,147.36180241849434,601.7230442423456,0.5333419571924113,1,0,0
G3_sigma:low_0.15,2030,seq,20.862337945110802,582.7020718119056,2048.3526524435465,0.5542364901800494,5,0,0
G3_sigma:low_0.15,2030,near,11.469415172933807,280.61113534941956,857.8288877078285,0.5262759035002058,4,0,0
G3_sigma:low_0.15,2030,score,10.961631318986827,237.43850212292182,793.8166598952998,0.5538892892328405,3,0,0
G3_sigma:low_0.15,2030,awra,10.489857297098132,273.2513234534672,825.7733473946073,0.5544481461514861,3,0,0
G3_sigma:low_0.15,2031,seq,18.885464222057973,144.0346758124188,652.168793882216,0.5518653936613204,2,0,0
G3_sigma:low_0.15,2031,near,11.30192466942541,127.80343377428528,325.4180544704675,0.5653774224512472,1,0,0
G3_sigma:low_0.15,2031,score,11.029979595177657,118.77839799090134,327.76735220003684,0.5652653217464738,1,0,0
G3_sigma:low_0.15,2031,awra,10.680718215937587,121.89685311340915,540.5887298326752,0.564483699415488,1,0,0
G3_sigma:low_0.15,2032,seq,18.79037579293742,176.46268392727654,2530.25145727018,0.4507793949503552,4,0,0
G3_sigma:low_0.15,2032,near,11.773088022903975,176.31962550381712,1722.0626725612356,0.4503262014378225,4,0,0
G3_sigma:low_0.15,2032,score,10.953217427441391,174.20475896931396,1568.190496800502,0.4505374675296008,4,0,0
G3_sigma:low_0.15,2032,awra,10.963573397046375,133.44733185764875,1423.733671857799,0.45007174239829384,4,0,0
G3_sigma:low_0.15,2033,seq,20.499360092836433,111.0,249.07356453193006,0.45148738915155373,1,0,0
G3_sigma:low_0.15,2033,near,11.626586118930307,72.83333333333394,160.30107422624997,0.4508662554760039,0,0,0
G3_sigma:low_0.15,2033,score,11.546695665114443,73.12311549870356,177.94974914771137,0.45090880466438416,0,0,0
G3_sigma:low_0.15,2033,awra,10.76758598003286,68.33333333333394,172.52094824228652,0.4513965339635251,0,0,0
G3_sigma:low_0.15,2034,seq,21.550192023703847,111.0,692.816648106882,0.43531177541143334,3,0,0
G3_sigma:low_0.15,2034,near,12.373329108693673,72.33333333333394,451.34410892044434,0.4311514543922945,2,0,0
G3_sigma:low_0.15,2034,score,12.063655591304851,69.83333333333303,451.4066495909283,0.43105946010739715,2,0,0
G3_sigma:low_0.15,2034,awra,10.755149070544322,70.33333333333337,648.3117418982947,0.4243491598775991,2,0,0
G3_sigma:low_0.15,2035,seq,21.46242746267772,319.4121939601898,1354.4406486845323,0.4495826754091966,3,0,0
G3_sigma:low_0.15,2035,near,10.978271837634153,222.81037798457112,853.3746582038818,0.44939374668395843,1,0,0
G3_sigma:low_0.15,2035,score,10.470392245905543,223.8232381581024,796.0292470819286,0.44992892775408994,1,0,0
G3_sigma:low_0.15,2035,awra,10.83378111289887,127.54734413738333,656.2323128189,0.4499448432327436,1,0,0
G3_sigma:low_0.15,2036,seq,19.09684112441088,205.87087674293934,1954.699548225748,0.5401165349822887,5,0,0
G3_sigma:low_0.15,2036,near,11.45117646439062,136.05427007691378,822.1068011669549,0.5130897530251686,5,0,0
G3_sigma:low_0.15,2036,score,11.497791550341477,167.029300744,832.7221609929557,0.5213793824706706,5,0,0
G3_sigma:low_0.15,2036,awra,10.984033006731245,164.0085564172241,883.2990887057749,0.5122082210552689,5,0,0
G3_sigma:low_0.15,2037,seq,21.03444889504304,113.33333333333394,609.4177167825901,0.37728785861376307,4,0,0
G3_sigma:low_0.15,2037,near,12.260595942403198,90.41852307045701,659.3570076980759,0.3724512722463233,3,0,0
G3_sigma:low_0.15,2037,score,12.094427093967973,84.5673696088752,684.8108077133784,0.36678010224352847,3,0,0
G3_sigma:low_0.15,2037,awra,10.223139468298323,74.06145950178143,401.97807559846206,0.3774242931901161,2,0,0
G3_sigma:low_0.15,2038,seq,20.067510030022248,136.3993161988219,636.996287710138,0.4553187228273179,2,0,0
G3_sigma:low_0.15,2038,near,11.532575022021367,136.26429799596372,888.1032553896396,0.4551450789280439,2,0,0
G3_sigma:low_0.15,2038,score,11.11696166362735,122.47188331381221,911.6649680879314,0.4550945810416011,2,0,0
G3_sigma:low_0.15,2038,awra,10.661090024541002,150.49919656002567,804.2508135032015,0.45510067022638206,2,0,0
G3_sigma:low_0.15,2039,seq,21.847444787753698,108.99018758282546,334.1575843649266,0.43857299595585225,2,0,0
G3_sigma:low_0.15,2039,near,11.550016589379602,72.51398114490803,218.80435351481538,0.4386613694238042,1,0,0
G3_sigma:low_0.15,2039,score,10.927039337480144,71.83333333333303,261.76108696279334,0.4384324221318813,1,0,0
G3_sigma:low_0.15,2039,awra,11.081851569843206,71.0,216.04539672189367,0.4384284928479745,1,0,0
G3_sigma:low_0.15,2040,seq,21.145694066574958,317.87821866496506,929.1293192227313,0.48980172926757504,2,0,0
G3_sigma:low_0.15,2040,near,11.179639272224728,157.43960018717735,823.0740270353499,0.49025828012554645,1,0,0
G3_sigma:low_0.15,2040,score,10.52276864675069,152.4987425855452,816.6606910794942,0.49004543752912566,1,0,0
G3_sigma:low_0.15,2040,awra,10.759043954266994,155.12951755512768,758.6995680639554,0.4899475766754509,1,0,0
G3_sigma:low_0.15,2041,seq,19.389807760535646,104.26153656360839,970.1108014483943,0.4646447660674528,3,0,0
G3_sigma:low_0.15,2041,near,11.736018923615486,75.05301318898364,451.41240526020965,0.48773289241756657,1,0,0
G3_sigma:low_0.15,2041,score,11.765565932354505,74.8166481068812,456.2327332673635,0.48782297866350427,1,0,0
G3_sigma:low_0.15,2041,awra,10.678918942170487,73.33333333333303,479.77785784555,0.4871445449555558,1,0,0
G3_sigma:low_0.15,2042,seq,19.645169225097284,144.88906465228092,872.3694847053534,0.45097419083754603,4,0,0
G3_sigma:low_0.15,2042,near,10.95450005717615,129.47843826164262,856.2092077771974,0.4448065717923026,3,0,0
G3_sigma:low_0.15,2042,score,10.821628186387168,129.57288357730795,856.6520943258339,0.443710827954852,3,0,0
G3_sigma:low_0.15,2042,awra,11.288475272874637,132.95154220909353,828.999799829267,0.44384044598676525,3,0,0
G3_sigma:low_0.15,2043,seq,22.010093889056357,406.0429350781096,997.9662730604473,0.47906991497115936,3,0,0
G3_sigma:low_0.15,2043,near,11.295166862740256,118.44063734707925,875.7833799471873,0.4786880068647832,2,0,0
G3_sigma:low_0.15,2043,score,10.918536165079828,129.77525962134305,881.0541488152762,0.47320526801600843,2,0,0
G3_sigma:low_0.15,2043,awra,10.762386518650619,115.91214037977807,865.9816002451312,0.4766455308554265,2,0,0
G3_sigma:low_0.15,2044,seq,19.446378403077837,132.32883383431727,722.8273998022723,0.4862529869503063,1,0,0
G3_sigma:low_0.15,2044,near,12.018069992943435,83.67768786263969,398.0622518774717,0.48521853376417123,0,0,0
G3_sigma:low_0.15,2044,score,11.596357750015125,87.77829830403425,393.2964000915904,0.48521175966045527,0,0,0
G3_sigma:low_0.15,2044,awra,11.75812465137654,76.10165793993656,493.87662089021387,0.4857792125712316,0,0,0
G3_sigma:low_0.15,2045,seq,20.624485523515613,136.23142046207204,964.1379280854744,0.452258523208554,2,0,0
G3_sigma:low_0.15,2045,near,11.614501442953117,101.19375930504793,359.6895858473599,0.45175367700027413,2,0,0
G3_sigma:low_0.15,2045,score,11.174240429899346,90.75713251794764,299.7225163901355,0.4519942619226205,2,0,0
G3_sigma:low_0.15,2045,awra,10.940467818658506,94.06220733034024,328.77355997163795,0.45188288591085973,2,0,0
G3_sigma:low_0.15,2046,seq,18.096160388680172,211.96967512592983,1074.5278889342499,0.4823496333205509,1,0,0
G3_sigma:low_0.15,2046,near,11.36854502304406,128.19053389805697,744.6985788267448,0.4899005479515801,0,0,0
G3_sigma:low_0.15,2046,score,11.1246441317856,125.76863332696917,664.0765642105691,0.490115097136643,0,0,0
G3_sigma:low_0.15,2046,awra,11.224112068390061,106.41796433017225,611.1767279458072,0.4896076808376488,0,0,0
G3_sigma:low_0.15,2047,seq,21.98631078797654,380.96050090141944,1528.1864569894828,0.44176619417926927,4,0,0
G3_sigma:low_0.15,2047,near,11.55227095445495,199.65075571734724,1452.032351355252,0.4407650995758834,3,0,0
G3_sigma:low_0.15,2047,score,11.044828912620073,192.88668241564756,1432.1562188431303,0.44081654429047745,3,0,0
G3_sigma:low_0.15,2047,awra,11.19112377068332,147.28834040210597,1339.4941245382856,0.4414552162071682,3,0,0
G3_sigma:low_0.15,2048,seq,21.284397083919306,111.0,422.65474516771155,0.4585501236647585,2,0,0
G3_sigma:low_0.15,2048,near,11.681656947070346,84.09964429597721,542.0984530042056,0.4593550331137244,1,0,0
G3_sigma:low_0.15,2048,score,11.624019815380086,86.80439559965598,541.5033336397923,0.4592576744391119,1,0,0
G3_sigma:low_0.15,2048,awra,11.35748785586112,79.83333333333303,574.022096775655,0.4589730739847418,1,0,0
G3_sigma:low_0.15,2049,seq,21.51729872804494,104.99676128648025,229.32593613788322,0.541007675505745,0,0,0
G3_sigma:low_0.15,2049,near,11.198584990453664,69.83333333333394,148.96317257721694,0.5409085948496206,0,0,0
G3_sigma:low_0.15,2049,score,10.613147666796227,67.33333333333303,147.8572040064155,0.5411445153515774,0,0,0
G3_sigma:low_0.15,2049,awra,11.237282285552501,69.33333333333303,159.50640631529768,0.5428937458619552,0,0,0
G3_sigma:low_0.15,2050,seq,21.26871126133889,112.23231281890003,546.04902131988,0.5428966871747365,1,0,0
G3_sigma:low_0.15,2050,near,11.435406302007848,96.54585238990694,483.825432199822,0.543633570810821,1,0,0
G3_sigma:low_0.15,2050,score,10.998926164088353,97.09510384519672,641.0337019546537,0.5434000092082476,1,0,0
G3_sigma:low_0.15,2050,awra,10.783495346988468,88.98953823379452,620.5774256373656,0.543866360624805,1,0,0
G3_sigma:low_0.15,2051,seq,19.951446517200896,637.7476809027248,1268.409923747924,0.5958384131257967,5,0,0
G3_sigma:low_0.15,2051,near,11.450967761482348,613.5775938547777,1020.215721833566,0.5928901601234954,4,0,0
G3_sigma:low_0.15,2051,score,10.875789079098503,604.5675610017483,998.0105430536382,0.5933448623951502,4,0,0
G3_sigma:low_0.15,2051,awra,10.90647042879892,536.1777868673798,999.1651838315406,0.5932598597970387,4,0,0
G3_sigma:low_0.15,2052,seq,21.461507036320025,184.01645651844046,717.326506623147,0.5586218424299468,3,0,0
G3_sigma:low_0.15,2052,near,10.768872015152752,110.08972999371508,774.0785057657044,0.5589391559385832,1,0,0
G3_sigma:low_0.15,2052,score,10.16732001654082,109.8040880819517,764.0733324064449,0.5590611646792962,1,0,0
G3_sigma:low_0.15,2052,awra,10.375725200090844,105.63846594344704,769.2481468128635,0.5587816100593465,1,0,0
G3_sigma:low_0.15,2053,seq,20.269000376662074,143.4356793498091,851.3926582660279,0.49640972743564266,3,0,0
G3_sigma:low_0.15,2053,near,12.215950809492428,90.17274157488282,689.7403279660375,0.49500839569915106,3,0,0
G3_sigma:low_0.15,2053,score,12.255636296493655,95.11839883102766,681.9888144846818,0.4948660197099151,3,0,0
G3_sigma:low_0.15,2053,awra,11.828565198548484,98.27125730727857,678.9606545075285,0.495672562489059,3,0,0
G3_sigma:low_0.15,2054,seq,20.781413908083177,115.33333333333334,282.72250594891466,0.42400252241691977,0,0,0
G3_sigma:low_0.15,2054,near,11.1980190685749,82.03410837983392,186.40585503237935,0.42427230134287397,0,0,0
G3_sigma:low_0.15,2054,score,10.69486665408413,78.27009425671986,219.2852920707678,0.42456927215040585,0,0,0
G3_sigma:low_0.15,2054,awra,10.172557742441997,71.83333333333303,184.79417979768778,0.4246643408058965,0,0,0
G3_sigma:low_0.15,2055,seq,22.33421839105972,139.21233146790837,690.7785855397906,0.44802738232686795,3,0,0
G3_sigma:low_0.15,2055,near,11.010448756145575,92.97250275972692,712.5813181652629,0.4481654267423614,3,0,0
G3_sigma:low_0.15,2055,score,10.270379665442478,95.2042809398456,697.2795079599482,0.44812554408204935,3,0,0
G3_sigma:low_0.15,2055,awra,11.402220768901845,104.3633897311629,711.1887266783524,0.44853405381432104,3,0,0
G3_sigma:high_0.45,2026,seq,19.422934023925457,134.89645392716375,917.9616137053558,0.49015726602977344,1,0,0
G3_sigma:high_0.45,2026,near,11.757961524729913,110.88475413549531,854.3472939499615,0.4906689998410704,1,0,0
G3_sigma:high_0.45,2026,score,11.42229821546578,120.03080686787325,861.7244591175911,0.49049698388799856,1,0,0
G3_sigma:high_0.45,2026,awra,10.809827901019169,103.00317115463503,684.5280413341255,0.4913278538292824,1,0,0
G3_sigma:high_0.45,2027,seq,21.11765946629594,109.83333333333348,507.12448077636327,0.5245289628686077,1,0,0
G3_sigma:high_0.45,2027,near,11.955387249970661,71.33333333333303,190.7377963914132,0.524407279073097,0,0,0
G3_sigma:high_0.45,2027,score,11.593932262538988,70.26153656360884,190.75975931827543,0.5241383959011116,0,0,0
G3_sigma:high_0.45,2027,awra,10.420407188763038,68.1617604580797,171.88773667820715,0.5245252130921302,0,0,0
G3_sigma:high_0.45,2028,seq,20.952695571713633,111.0,265.69030363271844,0.4558532137479287,0,0,0
G3_sigma:high_0.45,2028,near,11.523569196951849,72.26153656360839,189.95419084232935,0.45644709427238644,0,0,0
G3_sigma:high_0.45,2028,score,11.033982821178142,73.33333333333394,175.62028512417555,0.4562531766664697,0,0,0
G3_sigma:high_0.45,2028,awra,10.614425468397346,70.83333333333303,231.04572228597635,0.4561953529289522,0,0,0
G3_sigma:high_0.45,2029,seq,20.69726113346808,163.4720689628557,756.2765904693865,0.5331697733239709,1,0,0
G3_sigma:high_0.45,2029,near,11.890566546324228,156.85812750716468,668.4516406752623,0.5334030246586314,1,0,0
G3_sigma:high_0.45,2029,score,11.235142961617948,148.89913281571444,640.9439660252006,0.5329563853023094,1,0,0
G3_sigma:high_0.45,2029,awra,10.674183918606746,144.73719333116242,614.0804430429318,0.5333512707240617,1,0,0
G3_sigma:high_0.45,2030,seq,20.862337945110802,582.7020718119056,2048.3526524435465,0.5542364901800494,5,0,0
G3_sigma:high_0.45,2030,near,11.469415172933807,280.61113534941956,857.8288877078285,0.5262759035002058,4,0,0
G3_sigma:high_0.45,2030,score,10.985052432450125,245.8112602309884,787.1856248977656,0.55386262942652,3,0,0
G3_sigma:high_0.45,2030,awra,10.364963026749537,207.56989114738894,826.2023169944573,0.5546150854932083,3,0,0
G3_sigma:high_0.45,2031,seq,18.885464222057973,144.0346758124188,652.168793882216,0.5518653936613204,2,0,0
G3_sigma:high_0.45,2031,near,11.30192466942541,127.80343377428528,325.4180544704675,0.5653774224512472,1,0,0
G3_sigma:high_0.45,2031,score,10.904748863905478,120.07649625648651,332.87760925796465,0.5654913323570064,1,0,0
G3_sigma:high_0.45,2031,awra,10.97856519854848,123.40381131248068,353.6400575649068,0.5645447649576152,1,0,0
G3_sigma:high_0.45,2032,seq,18.79037579293742,176.46268392727654,2530.25145727018,0.4507793949503552,4,0,0
G3_sigma:high_0.45,2032,near,11.773088022903975,176.31962550381712,1722.0626725612356,0.4503262014378225,4,0,0
G3_sigma:high_0.45,2032,score,10.986264621778265,173.81202348323734,1562.4292049499336,0.45053890155871956,4,0,0
G3_sigma:high_0.45,2032,awra,10.99077151313886,133.86141353026778,1449.006484132407,0.45008353311722693,4,0,0
G3_sigma:high_0.45,2033,seq,20.499360092836433,111.0,249.07356453193006,0.45148738915155373,1,0,0
G3_sigma:high_0.45,2033,near,11.626586118930307,72.83333333333394,160.30107422624997,0.4508662554760039,0,0,0
G3_sigma:high_0.45,2033,score,11.636695665114443,73.83333333333348,183.01118727691846,0.4509223120908859,0,0,0
G3_sigma:high_0.45,2033,awra,10.948612115090468,68.83333333333394,163.95827683743528,0.4514283532332259,0,0,0
G3_sigma:high_0.45,2034,seq,21.550192023703847,111.0,692.816648106882,0.43531177541143334,3,0,0
G3_sigma:high_0.45,2034,near,12.373329108693673,72.33333333333394,451.34410892044434,0.4311514543922945,2,0,0
G3_sigma:high_0.45,2034,score,11.933425596819045,69.65788865366994,550.7315857218164,0.4309663216268199,2,0,0
G3_sigma:high_0.45,2034,awra,10.798424483827551,68.83333333333394,655.6666666666661,0.42419948696143017,2,0,0
G3_sigma:high_0.45,2035,seq,21.46242746267772,319.4121939601898,1354.4406486845323,0.4495826754091966,3,0,0
G3_sigma:high_0.45,2035,near,10.978271837634153,222.81037798457112,853.3746582038818,0.44939374668395843,1,0,0
G3_sigma:high_0.45,2035,score,10.532452532726413,218.12113374680894,807.5439431258997,0.44993808110459743,1,0,0
G3_sigma:high_0.45,2035,awra,10.824729811868295,125.04436526924474,663.9301224733811,0.4499416055221729,1,0,0
G3_sigma:high_0.45,2036,seq,19.09684112441088,205.87087674293934,1954.699548225748,0.5401165349822887,5,0,0
G3_sigma:high_0.45,2036,near,11.45117646439062,136.05427007691378,822.1068011669549,0.5130897530251686,5,0,0
G3_sigma:high_0.45,2036,score,11.398421737908757,136.81733875497594,832.2269653268258,0.5123605894456082,5,0,0
G3_sigma:high_0.45,2036,awra,10.966144096156558,167.85418808689872,865.7298328154347,0.5123464735666526,5,0,0
G3_sigma:high_0.45,2037,seq,21.03444889504304,113.33333333333394,609.4177167825901,0.37728785861376307,4,0,0
G3_sigma:high_0.45,2037,near,12.260595942403198,90.41852307045701,659.3570076980759,0.3724512722463233,3,0,0
G3_sigma:high_0.45,2037,score,12.089315911737469,86.10488482776782,684.8253124708181,0.36674636150190654,3,0,0
G3_sigma:high_0.45,2037,awra,10.30971285987837,74.33333333333331,413.94702492700435,0.37746334965592676,2,0,0
G3_sigma:high_0.45,2038,seq,20.067510030022248,136.3993161988219,636.996287710138,0.4553187228273179,2,0,0
G3_sigma:high_0.45,2038,near,11.532575022021367,136.26429799596372,888.1032553896396,0.4551450789280439,2,0,0
G3_sigma:high_0.45,2038,score,11.093390740804296,122.75203841100847,907.1986566996106,0.4550963180936683,2,0,0
G3_sigma:high_0.45,2038,awra,10.755597679840136,135.92128817592885,837.5843325523633,0.45496639387849835,2,0,0
G3_sigma:high_0.45,2039,seq,21.847444787753698,108.99018758282546,334.1575843649266,0.43857299595585225,2,0,0
G3_sigma:high_0.45,2039,near,11.550016589379602,72.51398114490803,218.80435351481538,0.4386613694238042,1,0,0
G3_sigma:high_0.45,2039,score,11.051474901678928,69.6658499306684,261.28709744661865,0.43845504272038666,1,0,0
G3_sigma:high_0.45,2039,awra,11.294007845767682,73.66666666666606,201.3378814929497,0.43850226958090543,1,0,0
G3_sigma:high_0.45,2040,seq,21.145694066574958,317.87821866496506,929.1293192227313,0.48980172926757504,2,0,0
G3_sigma:high_0.45,2040,near,11.179639272224728,157.43960018717735,823.0740270353499,0.49025828012554645,1,0,0
G3_sigma:high_0.45,2040,score,10.500153281114601,153.87974504277736,816.9072103578453,0.4900443275450684,1,0,0
G3_sigma:high_0.45,2040,awra,10.794115804483688,139.54250901435398,763.9250330812822,0.49007085390680527,1,0,0
G3_sigma:high_0.45,2041,seq,19.389807760535646,104.26153656360839,970.1108014483943,0.4646447660674528,3,0,0
G3_sigma:high_0.45,2041,near,11.736018923615486,75.05301318898364,451.41240526020965,0.48773289241756657,1,0,0
G3_sigma:high_0.45,2041,score,11.734784085649606,77.33333333333303,457.11738500174715,0.487642518276182,1,0,0
G3_sigma:high_0.45,2041,awra,10.696367455542052,79.26378466247479,398.2020938919468,0.4871498559518955,1,0,0
G3_sigma:high_0.45,2042,seq,19.645169225097284,144.88906465228092,872.3694847053534,0.45097419083754603,4,0,0
G3_sigma:high_0.45,2042,near,10.95450005717615,129.47843826164262,856.2092077771974,0.4448065717923026,3,0,0
G3_sigma:high_0.45,2042,score,10.638606529218974,125.7825263119862,859.8615297690593,0.4432179147016316,3,0,0
G3_sigma:high_0.45,2042,awra,11.180276681709875,123.25538708218664,822.0279514970953,0.4436623171983864,3,0,0
G3_sigma:high_0.45,2043,seq,22.010093889056357,406.0429350781096,997.9662730604473,0.47906991497115936,3,0,0
G3_sigma:high_0.45,2043,near,11.295166862740256,118.44063734707925,875.7833799471873,0.4786880068647832,2,0,0
G3_sigma:high_0.45,2043,score,10.985007232393597,129.6113762121894,883.5378667732862,0.47335000364984176,2,0,0
G3_sigma:high_0.45,2043,awra,11.045219898684367,116.93229377104217,849.0314154988496,0.4792982366659011,2,0,0
G3_sigma:high_0.45,2044,seq,19.446378403077837,132.32883383431727,722.8273998022723,0.4862529869503063,1,0,0
G3_sigma:high_0.45,2044,near,12.018069992943435,83.67768786263969,398.0622518774717,0.48521853376417123,0,0,0
G3_sigma:high_0.45,2044,score,11.646357750015124,88.39319597919246,396.6533201504035,0.4852175877971125,0,0,0
G3_sigma:high_0.45,2044,awra,11.740995636462896,75.61362835980617,488.7581141805972,0.4856565206629468,0,0,0
G3_sigma:high_0.45,2045,seq,20.624485523515613,136.23142046207204,964.1379280854744,0.452258523208554,2,0,0
G3_sigma:high_0.45,2045,near,11.614501442953117,101.19375930504793,359.6895858473599,0.45175367700027413,2,0,0
G3_sigma:high_0.45,2045,score,11.137241931462043,90.29320317574366,299.8702992586914,0.4519922226382467,2,0,0
G3_sigma:high_0.45,2045,awra,10.948694319824684,98.50258268873222,338.79283890283887,0.45201689379568794,2,0,0
G3_sigma:high_0.45,2046,seq,18.096160388680172,211.96967512592983,1074.5278889342499,0.4823496333205509,1,0,0
G3_sigma:high_0.45,2046,near,11.36854502304406,128.19053389805697,744.6985788267448,0.4899005479515801,0,0,0
G3_sigma:high_0.45,2046,score,11.358760298879611,123.18700931663807,672.2539062956043,0.49013143414301347,0,0,0
G3_sigma:high_0.45,2046,awra,11.356737778067926,107.50509111109568,598.4556898553806,0.48967151840823403,0,0,0
G3_sigma:high_0.45,2047,seq,21.98631078797654,380.96050090141944,1528.1864569894828,0.44176619417926927,4,0,0
G3_sigma:high_0.45,2047,near,11.55227095445495,199.65075571734724,1452.032351355252,0.4407650995758834,3,0,0
G3_sigma:high_0.45,2047,score,11.213074465823441,222.75157782348475,1426.7333764678083,0.44097633762153193,3,0,0
G3_sigma:high_0.45,2047,awra,11.066761679190233,139.42087222175707,1324.355966268151,0.4412103586483544,3,0,0
G3_sigma:high_0.45,2048,seq,21.284397083919306,111.0,422.65474516771155,0.4585501236647585,2,0,0
G3_sigma:high_0.45,2048,near,11.681656947070346,84.09964429597721,542.0984530042056,0.4593550331137244,1,0,0
G3_sigma:high_0.45,2048,score,11.569524231083937,86.72343853738664,553.1434437897447,0.45927854155364944,1,0,0
G3_sigma:high_0.45,2048,awra,11.269404305837151,80.33333333333326,572.7842843954636,0.45890236905874565,1,0,0
G3_sigma:high_0.45,2049,seq,21.51729872804494,104.99676128648025,229.32593613788322,0.541007675505745,0,0,0
G3_sigma:high_0.45,2049,near,11.198584990453664,69.83333333333394,148.96317257721694,0.5409085948496206,0,0,0
G3_sigma:high_0.45,2049,score,10.609035745293356,67.65788865366994,146.36985871330353,0.5409503208648709,0,0,0
G3_sigma:high_0.45,2049,awra,11.406342294578492,68.33333333333303,165.14639515454837,0.5425389832901182,0,0,0
G3_sigma:high_0.45,2050,seq,21.26871126133889,112.23231281890003,546.04902131988,0.5428966871747365,1,0,0
G3_sigma:high_0.45,2050,near,11.435406302007848,96.54585238990694,483.825432199822,0.543633570810821,1,0,0
G3_sigma:high_0.45,2050,score,11.09734727755165,95.81444617631314,642.9910094798333,0.543484676405678,1,0,0
G3_sigma:high_0.45,2050,awra,10.804115190513969,89.1126893149958,673.3333333333335,0.5440181820976363,1,0,0
G3_sigma:high_0.45,2051,seq,19.951446517200896,637.7476809027248,1268.409923747924,0.5958384131257967,5,0,0
G3_sigma:high_0.45,2051,near,11.450967761482348,613.5775938547777,1020.215721833566,0.5928901601234954,4,0,0
G3_sigma:high_0.45,2051,score,10.878128000789317,601.7103662179825,993.8506910384135,0.5935415106218699,4,0,0
G3_sigma:high_0.45,2051,awra,11.115280417803506,569.373213897095,996.0680992620714,0.5921899439168179,4,0,0
G3_sigma:high_0.45,2052,seq,21.461507036320025,184.01645651844046,717.326506623147,0.5586218424299468,3,0,0
G3_sigma:high_0.45,2052,near,10.768872015152752,110.08972999371508,774.0785057657044,0.5589391559385832,1,0,0
G3_sigma:high_0.45,2052,score,10.195796301016363,110.21097556966288,764.161481293982,0.5590338044983495,1,0,0
G3_sigma:high_0.45,2052,awra,10.559250546652263,104.8804045448278,767.462318887387,0.5588554601449092,1,0,0
G3_sigma:high_0.45,2053,seq,20.269000376662074,143.4356793498091,851.3926582660279,0.49640972743564266,3,0,0
G3_sigma:high_0.45,2053,near,12.215950809492428,90.17274157488282,689.7403279660375,0.49500839569915106,3,0,0
G3_sigma:high_0.45,2053,score,12.230954807895795,95.1328964191398,682.2710369955348,0.4948617325788241,3,0,0
G3_sigma:high_0.45,2053,awra,11.804494835004975,98.2870170873739,677.0948236365066,0.49553494088963174,3,0,0
G3_sigma:high_0.45,2054,seq,20.781413908083177,115.33333333333334,282.72250594891466,0.42400252241691977,0,0,0
G3_sigma:high_0.45,2054,near,11.1980190685749,82.03410837983392,186.40585503237935,0.42427230134287397,0,0,0
G3_sigma:high_0.45,2054,score,10.851880456424658,76.54759775195816,217.19621439294042,0.4245928654025071,0,0,0
G3_sigma:high_0.45,2054,awra,10.08683977474475,72.83333333333303,176.73871743221662,0.42473321673171627,0,0,0
G3_sigma:high_0.45,2055,seq,22.33421839105972,139.21233146790837,690.7785855397906,0.44802738232686795,3,0,0
G3_sigma:high_0.45,2055,near,11.010448756145575,92.97250275972692,712.5813181652629,0.4481654267423614,3,0,0
G3_sigma:high_0.45,2055,score,10.311449504003324,90.03112883363792,697.3019469616302,0.4481227059272252,3,0,0
G3_sigma:high_0.45,2055,awra,11.340938365403382,107.76568309180357,701.4373322013475,0.44851330207777707,3,0,0
G4_mtbf:harsh_1500,2026,seq,19.422934023925457,576.3908689575328,1388.8776097945265,0.4901572660297735,8,0,0
G4_mtbf:harsh_1500,2026,near,11.757961524729913,193.53470534870576,854.9579848949975,0.49066899984107065,4,0,0
G4_mtbf:harsh_1500,2026,score,11.287552847860265,241.41452127007415,883.727126674646,0.4904820670588904,4,0,0
G4_mtbf:harsh_1500,2026,awra,10.740850585273417,249.89237271009915,738.7378875752272,0.4913056154876706,4,0,0
G4_mtbf:harsh_1500,2027,seq,21.11765946629594,111.0,742.1569595770034,0.5104931459553869,3,0,0
G4_mtbf:harsh_1500,2027,near,11.955387249970661,79.85053179802571,724.3190781998946,0.524407279073097,2,0,0
G4_mtbf:harsh_1500,2027,score,11.62703001551502,76.92018518811801,712.53298628827,0.5242704280108523,2,0,0
G4_mtbf:harsh_1500,2027,awra,10.521125156460284,78.83333333333336,393.71282347355555,0.5245202600250078,2,0,0
G4_mtbf:harsh_1500,2028,seq,20.952695571713633,123.33411373362787,554.5464975579962,0.45585321374792886,3,0,0
G4_mtbf:harsh_1500,2028,near,11.523569196951849,75.38738122911855,661.281617376153,0.45644709427238644,2,0,0
G4_mtbf:harsh_1500,2028,score,11.033982821178142,80.59049159602364,559.589192230449,0.4562531766664697,2,0,0
G4_mtbf:harsh_1500,2028,awra,10.6195045405319,71.33333333333348,308.2580911907371,0.4562189548458762,2,0,0
G4_mtbf:harsh_1500,2029,seq,20.69726113346808,194.24577114082422,840.8552770761622,0.5331697733239709,3,0,0
G4_mtbf:harsh_1500,2029,near,11.890566546324228,165.24902471917767,804.3495601467754,0.5334030246586314,1,0,0
G4_mtbf:harsh_1500,2029,score,11.165831533236231,152.61640911003315,782.1835865561486,0.5330108018795198,1,0,0
G4_mtbf:harsh_1500,2029,awra,10.741096509672488,162.39508088278535,769.527495056961,0.5333407084419755,1,0,0
G4_mtbf:harsh_1500,2030,seq,20.862337945110802,909.8637654218255,2780.9219250878787,0.5542364901800495,7,0,0
G4_mtbf:harsh_1500,2030,near,11.469415172933807,1030.8434779843346,2457.6569079152223,0.5339831714287212,6,0,0
G4_mtbf:harsh_1500,2030,score,10.985052432450125,930.979631172142,2390.2527847741494,0.5258357668887097,6,0,0
G4_mtbf:harsh_1500,2030,awra,10.526490367591299,960.3269196046122,2439.991105329669,0.5543689010354168,5,0,0
G4_mtbf:harsh_1500,2031,seq,18.885464222057973,646.2564063487855,1851.7799383577021,0.5655519571435679,7,0,0
G4_mtbf:harsh_1500,2031,near,11.30192466942541,258.81369980571253,1365.3213056724617,0.5150050190692873,6,0,0
G4_mtbf:harsh_1500,2031,score,10.913082197238815,195.57465195732402,1316.6924543386976,0.5139949228927021,6,0,0
G4_mtbf:harsh_1500,2031,awra,10.860231865215148,167.45239959744492,1253.6267263545687,0.5096098394461317,6,0,0
G4_mtbf:harsh_1500,2032,seq,18.79037579293742,260.68162869198386,2699.044984901635,0.4507793949503552,6,0,0
G4_mtbf:harsh_1500,2032,near,11.773088022903975,253.49605328765006,2477.395872567513,0.44465501747045866,5,0,0
G4_mtbf:harsh_1500,2032,score,10.986264621778265,247.52042136512028,2496.409200868687,0.4446797910993062,5,0,0
G4_mtbf:harsh_1500,2032,awra,11.005683733008894,172.44771234388213,2439.1215368736694,0.43106092499447146,5,0,0
G4_mtbf:harsh_1500,2033,seq,20.499360092836433,148.3384524021385,745.0814723688936,0.44952152776808146,5,0,0
G4_mtbf:harsh_1500,2033,near,11.626586118930307,96.92405827902257,704.1104534582155,0.4465377007574243,3,0,0
G4_mtbf:harsh_1500,2033,score,11.546695665114443,96.59162762631149,695.1255103594358,0.44607093889632987,3,0,0
G4_mtbf:harsh_1500,2033,awra,10.926492457162821,105.62031726612895,673.4963020745427,0.4372116497100796,3,0,0
G4_mtbf:harsh_1500,2034,seq,21.550192023703847,132.72127743628533,1400.5100955209546,0.44085305895955834,5,0,0
G4_mtbf:harsh_1500,2034,near,12.373329108693673,78.18655574709919,1225.7713956881198,0.4411906351747908,4,0,0
G4_mtbf:harsh_1500,2034,score,11.996946470500454,75.1321545438077,1116.1349516308446,0.4412086609615869,4,0,0
G4_mtbf:harsh_1500,2034,awra,10.846082952591958,71.65788865366994,1158.1243074615777,0.441212169065034,4,0,0
G4_mtbf:harsh_1500,2035,seq,21.46242746267772,402.96233177815225,2554.4406486845332,0.44958267540919666,5,0,0
G4_mtbf:harsh_1500,2035,near,10.978271837634153,317.7914189438401,1453.3746582038818,0.4493937466839586,4,0,0
G4_mtbf:harsh_1500,2035,score,10.485392245905544,355.6106940484202,1404.7766424171778,0.4499336555763874,4,0,0
G4_mtbf:harsh_1500,2035,awra,10.809719467826515,253.34551624787605,1224.24352436504,0.44994700069816546,4,0,0
G4_mtbf:harsh_1500,2036,seq,19.09684112441088,728.5552852065612,2574.5891006273987,0.5399278327629446,8,0,0
G4_mtbf:harsh_1500,2036,near,11.45117646439062,376.3432063006053,2246.042509930483,0.5396356742664772,5,0,0
G4_mtbf:harsh_1500,2036,score,11.43842173790876,586.2204661350233,2522.2710864784794,0.5388760769610709,5,0,0
G4_mtbf:harsh_1500,2036,awra,10.91210523921502,580.0534957516793,2669.837333061794,0.5389502526280655,5,0,0
G4_mtbf:harsh_1500,2037,seq,21.03444889504304,144.06442286275956,1079.445992485299,0.37728785861376307,6,0,0
G4_mtbf:harsh_1500,2037,near,12.260595942403198,121.18937928334708,793.8450094016061,0.3775103001351213,5,0,0
G4_mtbf:harsh_1500,2037,score,12.127159635812994,113.620980874015,750.501755739554,0.3774254565864495,5,0,0
G4_mtbf:harsh_1500,2037,awra,10.272073593119973,88.74392642238854,715.8142892236174,0.37745357265975316,5,0,0
G4_mtbf:harsh_1500,2038,seq,20.067510030022248,181.33497905181093,867.2195937032004,0.4553187228273179,4,0,0
G4_mtbf:harsh_1500,2038,near,11.532575022021367,247.67801672867017,1010.2943848592884,0.4551450789280439,3,0,0
G4_mtbf:harsh_1500,2038,score,11.12691260154148,328.1161294286276,1041.4906681488217,0.4550963485161433,3,0,0
G4_mtbf:harsh_1500,2038,awra,10.751557221873107,201.8646248048576,943.6495786695434,0.44469237245123167,3,0,0
G4_mtbf:harsh_1500,2039,seq,21.847444787753698,111.66388528191601,893.5114588943743,0.43857299595585225,2,0,0
G4_mtbf:harsh_1500,2039,near,11.550016589379602,75.14777690137089,752.6836631169544,0.4386613694238043,2,0,0
G4_mtbf:harsh_1500,2039,score,10.945372670813478,77.83333333333394,761.223996750914,0.4384457409712279,2,0,0
G4_mtbf:harsh_1500,2039,awra,11.166087289097948,73.33333333333394,751.1821071850159,0.4384776815457236,2,0,0
G4_mtbf:harsh_1500,2040,seq,21.145694066574958,231.88242251316478,1015.3695087143078,0.48980172926757515,3,0,0
G4_mtbf:harsh_1500,2040,near,11.179639272224728,547.2052863601075,808.9151159356156,0.49025828012554645,3,0,0
G4_mtbf:harsh_1500,2040,score,10.479299197512148,524.0155567843035,786.4603945513022,0.49004177788724756,3,0,0
G4_mtbf:harsh_1500,2040,awra,10.716898022384298,519.5644503889798,774.0507260161594,0.4902869024168327,3,0,0
G4_mtbf:harsh_1500,2041,seq,19.389807760535646,183.3122185177396,1731.5490445675496,0.43389462885194136,10,0,0
G4_mtbf:harsh_1500,2041,near,11.736018923615486,95.10989633187091,726.5745650183887,0.4661815604438444,5,0,0
G4_mtbf:harsh_1500,2041,score,11.701450752316271,100.30595835649956,734.3996221450632,0.46587502219070726,5,0,0
G4_mtbf:harsh_1500,2041,awra,10.741868012335617,96.06893499434273,717.2124050820048,0.487174136513168,4,0,0
G4_mtbf:harsh_1500,2042,seq,19.645169225097284,200.70220355046013,1423.419449468366,0.4509741908375461,6,0,0
G4_mtbf:harsh_1500,2042,near,10.95450005717615,140.75403324827676,1020.0333319496317,0.433301278596746,5,0,0
G4_mtbf:harsh_1500,2042,score,10.821628186387168,168.27912863798701,1080.3623494364529,0.4431341038934276,5,0,0
G4_mtbf:harsh_1500,2042,awra,11.261633045948038,143.76321453277478,1084.6092546719292,0.44276800157199475,5,0,0
G4_mtbf:harsh_1500,2043,seq,22.010093889056357,220.59831339864104,1247.374703267219,0.4790699149711594,5,0,0
G4_mtbf:harsh_1500,2043,near,11.295166862740256,439.67979811504233,1050.0786187469212,0.47868800686478313,4,0,0
G4_mtbf:harsh_1500,2043,score,10.911173945760678,435.3558740529754,1065.3603710221028,0.47864796974704205,4,0,0
G4_mtbf:harsh_1500,2043,awra,10.909149673442665,406.61923640245186,1012.3460465591484,0.4792822904093162,4,0,0
G4_mtbf:harsh_1500,2044,seq,19.446378403077837,158.78095512466382,1367.5006108685602,0.48410285660860025,5,0,0
G4_mtbf:harsh_1500,2044,near,12.018069992943435,164.2699326496113,721.866404787801,0.4852185337641711,3,0,0
G4_mtbf:harsh_1500,2044,score,11.596357750015125,132.99511559496727,730.366316271995,0.485211759660455,3,0,0
G4_mtbf:harsh_1500,2044,awra,11.728620359084982,186.22058930472122,706.7885505943796,0.4856288498098076,3,0,0
G4_mtbf:harsh_1500,2045,seq,20.624485523515613,192.71169917446878,1257.6872103771311,0.45215982460598664,6,0,0
G4_mtbf:harsh_1500,2045,near,11.614501442953117,147.28142504661832,1430.9779249523444,0.45175367700027413,4,0,0
G4_mtbf:harsh_1500,2045,score,11.08797321952778,132.53621713728535,1398.6659570953725,0.4519896097019262,4,0,0
G4_mtbf:harsh_1500,2045,awra,10.994587847781862,133.07291485032692,1483.173418265817,0.4518871176247131,4,0,0
G4_mtbf:harsh_1500,2046,seq,18.096160388680172,356.18411708842495,1345.915811052333,0.4890979340959355,4,0,0
G4_mtbf:harsh_1500,2046,near,11.36854502304406,183.89678752085547,758.1871890389193,0.4899005479515801,3,0,0
G4_mtbf:harsh_1500,2046,score,11.298041344126592,146.5742173504775,683.6719520555171,0.49012523569517197,3,0,0
G4_mtbf:harsh_1500,2046,awra,11.297357621593427,124.64831225543708,660.252772905151,0.4894943706405412,3,0,0
G4_mtbf:harsh_1500,2047,seq,21.98631078797654,699.0,1866.5532060220808,0.4417661941792692,6,0,0
G4_mtbf:harsh_1500,2047,near,11.55227095445495,755.5798790817089,1680.1054776784872,0.4407650995758831,5,0,0
G4_mtbf:harsh_1500,2047,score,11.138162245953406,717.1334952413164,1632.675062938165,0.4408364786099113,5,0,0
G4_mtbf:harsh_1500,2047,awra,11.044543897090843,667.2543030445268,1542.5920192265305,0.44131438152513364,5,0,0
G4_mtbf:harsh_1500,2048,seq,21.284397083919306,133.1758305717849,667.0,0.4585501236647584,4,0,0
G4_mtbf:harsh_1500,2048,near,11.681656947070346,81.86892175351022,535.0861173953526,0.4593550331137244,2,0,0
G4_mtbf:harsh_1500,2048,score,11.637592587981008,89.2855515194442,561.085015734734,0.4592508006881204,2,0,0
G4_mtbf:harsh_1500,2048,awra,11.247737639170484,79.83333333333303,656.166666666667,0.45890342454179744,2,0,0
G4_mtbf:harsh_1500,2049,seq,21.51729872804494,117.3642728342129,803.8368184073324,0.5293713578738118,4,0,0
G4_mtbf:harsh_1500,2049,near,11.198584990453664,73.77943671711728,668.3333333333339,0.521130672121036,2,0,0
G4_mtbf:harsh_1500,2049,score,10.499813084097381,71.65788865366994,655.910635734168,0.5213621354293357,2,0,0
G4_mtbf:harsh_1500,2049,awra,11.374833772180935,75.97034434325303,574.5889289699135,0.5294647597661831,2,0,0
G4_mtbf:harsh_1500,2050,seq,21.26871126133889,153.3194218507789,1005.7855927101482,0.5284123617626231,5,0,0
G4_mtbf:harsh_1500,2050,near,11.435406302007848,105.69298723737484,1017.9145857927169,0.5224852705972141,3,0,0
G4_mtbf:harsh_1500,2050,score,11.070680610884983,101.26976461287995,968.753035330182,0.5211116723497844,3,0,0
G4_mtbf:harsh_1500,2050,awra,10.878485002946691,96.90524452907903,773.0334410397991,0.5197965313500302,3,0,0
G4_mtbf:harsh_1500,2051,seq,19.951446517200896,1458.232787439203,2091.3489493965963,0.5958384131257964,7,0,0
G4_mtbf:harsh_1500,2051,near,11.450967761482348,1145.7298278360777,1837.5862634323285,0.5944154316033625,6,0,0
G4_mtbf:harsh_1500,2051,score,10.885808131135692,1117.5958591179842,1778.8799940929648,0.5947163814784697,6,0,0
G4_mtbf:harsh_1500,2051,awra,11.06520134566895,1165.2782893175247,1752.4761748691308,0.5941949615636563,6,0,0
G4_mtbf:harsh_1500,2052,seq,21.461507036320025,633.3877700749795,1417.601369487561,0.5586218424299466,5,0,0
G4_mtbf:harsh_1500,2052,near,10.768872015152752,480.8659565740072,979.6240278471769,0.5589391559385835,5,0,0
G4_mtbf:harsh_1500,2052,score,10.189441310514834,486.12114728990537,865.8153134577024,0.5543624740089859,5,0,0
G4_mtbf:harsh_1500,2052,awra,10.50222501449299,439.9430201263858,834.4594971523793,0.5521859440360747,5,0,0
G4_mtbf:harsh_1500,2053,seq,20.269000376662074,229.38591371705297,1458.4443027359284,0.48590520083311006,6,0,0
G4_mtbf:harsh_1500,2053,near,12.215950809492428,132.04417050190568,1350.4006622746956,0.47357899526895775,4,0,0
G4_mtbf:harsh_1500,2053,score,12.255636296493655,127.31109507330075,1351.4002730209104,0.4753688742711571,4,0,0
G4_mtbf:harsh_1500,2053,awra,11.86318093538028,129.38054718644548,1326.0295469877756,0.47427035932450806,4,0,0
G4_mtbf:harsh_1500,2054,seq,20.781413908083177,132.8768199191336,312.56170635245553,0.4240025224169199,1,0,0
G4_mtbf:harsh_1500,2054,near,11.1980190685749,82.03410837983392,186.40585503237935,0.42427230134287397,0,0,0
G4_mtbf:harsh_1500,2054,score,10.746418617675193,77.90890286608192,218.2783681446199,0.4245756301156771,0,0,0
G4_mtbf:harsh_1500,2054,awra,10.197015335004682,72.83333333333303,184.78297969498863,0.4249419481051856,0,0,0
G4_mtbf:harsh_1500,2055,seq,22.33421839105972,422.7624458598784,970.9132280886861,0.44802738232686795,8,0,0
G4_mtbf:harsh_1500,2055,near,11.010448756145575,124.69484689425917,917.7546376962518,0.44816542674236187,5,0,0
G4_mtbf:harsh_1500,2055,score,10.311449504003324,116.25618799100266,910.8376317776747,0.44812270592722514,5,0,0
G4_mtbf:harsh_1500,2055,awra,11.41093836540338,133.93390901532075,863.6527144397087,0.4300538892466515,7,0,0
G4_mtbf:mild_6000,2026,seq,19.422934023925457,134.89645392716375,842.1770479216734,0.49015726602977344,1,0,0
G4_mtbf:mild_6000,2026,near,11.757961524729913,110.88475413549531,774.6974348161148,0.4906689998410704,1,0,0
G4_mtbf:mild_6000,2026,score,11.287552847860265,108.47579189265889,788.926396135929,0.49048206705889,1,0,0
G4_mtbf:mild_6000,2026,awra,10.740850585273417,94.07105687313378,596.0709949993511,0.4913056154876705,1,0,0
G4_mtbf:mild_6000,2027,seq,21.11765946629594,107.0,262.77033745856716,0.5245289628686076,0,0,0
G4_mtbf:mild_6000,2027,near,11.955387249970661,71.33333333333303,190.7377963914132,0.524407279073097,0,0,0
G4_mtbf:mild_6000,2027,score,11.62703001551502,70.26153656360884,193.06585324796742,0.5242704280108526,0,0,0
G4_mtbf:mild_6000,2027,awra,10.521125156460284,67.65788865366994,180.26723477886208,0.5245202600250076,0,0,0
G4_mtbf:mild_6000,2028,seq,20.952695571713633,111.0,265.69030363271844,0.4558532137479287,0,0,0
G4_mtbf:mild_6000,2028,near,11.523569196951849,72.26153656360839,189.95419084232935,0.45644709427238644,0,0,0
G4_mtbf:mild_6000,2028,score,11.033982821178142,73.33333333333394,175.62028512417555,0.4562531766664697,0,0,0
G4_mtbf:mild_6000,2028,awra,10.6195045405319,70.81664810688108,230.37113278007746,0.4562189548458762,0,0,0
G4_mtbf:mild_6000,2029,seq,20.69726113346808,231.59019626738586,978.4128194816367,0.5331697733239709,1,0,0
G4_mtbf:mild_6000,2029,near,11.890566546324228,152.8776716244205,919.2811493772442,0.5334030246586314,1,0,0
G4_mtbf:mild_6000,2029,score,11.165831533236231,143.72319416569007,903.6311587858922,0.5330108018795198,1,0,0
G4_mtbf:mild_6000,2029,awra,10.741096509672488,163.5580240034942,933.9088914382182,0.5333407084419757,1,0,0
G4_mtbf:mild_6000,2030,seq,20.862337945110802,189.0521567773667,1159.2931770295218,0.534186829065389,3,0,0
G4_mtbf:mild_6000,2030,near,11.469415172933807,108.18378386878248,517.001537051211,0.5540244111089109,1,0,0
G4_mtbf:mild_6000,2030,score,10.985052432450125,94.7253335502146,434.58080002409224,0.55386262942652,1,0,0
G4_mtbf:mild_6000,2030,awra,10.526490367591299,96.62850111558305,419.50793300100395,0.5543689010354164,1,0,0
G4_mtbf:mild_6000,2031,seq,18.885464222057973,139.66202107183653,542.1105847865347,0.5655519571435677,1,0,0
G4_mtbf:mild_6000,2031,near,11.30192466942541,108.75950335298057,545.3542258010075,0.5653774224512472,1,0,0
G4_mtbf:mild_6000,2031,score,10.913082197238815,107.09571843455001,552.1980629857544,0.565487645779353,1,0,0
G4_mtbf:mild_6000,2031,awra,10.860231865215148,99.45890804352894,304.56772351229665,0.5644833702984394,1,0,0
G4_mtbf:mild_6000,2032,seq,18.79037579293742,205.96622635077802,1124.388008099932,0.4507793949503552,4,0,0
G4_mtbf:mild_6000,2032,near,11.773088022903975,222.52215242560817,794.7605976926411,0.4396038243801706,4,0,0
G4_mtbf:mild_6000,2032,score,10.986264621778265,206.76930514294446,785.5695219488907,0.43953976433976366,4,0,0
G4_mtbf:mild_6000,2032,awra,11.005683733008894,139.4516450303404,743.8666392588038,0.42602461034743283,4,0,0
G4_mtbf:mild_6000,2033,seq,20.499360092836433,111.0,244.31216909229352,0.45148738915155373,0,0,0
G4_mtbf:mild_6000,2033,near,11.626586118930307,72.83333333333394,160.30107422624997,0.4508662554760039,0,0,0
G4_mtbf:mild_6000,2033,score,11.546695665114443,73.12311549870356,177.94974914771137,0.45090880466438416,0,0,0
G4_mtbf:mild_6000,2033,awra,10.926492457162821,68.16176045807947,164.18493280960047,0.45140009272780385,0,0,0
G4_mtbf:mild_6000,2034,seq,21.550192023703847,99.65788865366994,288.0911905948278,0.44085305895955834,0,0,0
G4_mtbf:mild_6000,2034,near,12.373329108693673,69.16666666666606,184.89379617954341,0.44119063517479123,0,0,0
G4_mtbf:mild_6000,2034,score,11.996946470500454,68.23231281890003,171.9441661876706,0.44120866096158706,0,0,0
G4_mtbf:mild_6000,2034,awra,10.846082952591958,67.0,179.18278191401646,0.4412121690650341,0,0,0
G4_mtbf:mild_6000,2035,seq,21.46242746267772,251.63079282667957,1140.0662221275866,0.4495826754091964,1,0,0
G4_mtbf:mild_6000,2035,near,10.978271837634153,127.86631612713427,853.3746582038818,0.4493937466839586,0,0,0
G4_mtbf:mild_6000,2035,score,10.485392245905544,129.28340865236714,804.7766424171778,0.4499336555763873,0,0,0
G4_mtbf:mild_6000,2035,awra,10.809719467826515,113.48399954612546,654.042221063128,0.44994700069816534,0,0,0
G4_mtbf:mild_6000,2036,seq,19.09684112441088,143.81213128415584,651.6292913749621,0.5401165349822884,2,0,0
G4_mtbf:mild_6000,2036,near,11.45117646439062,90.79265863471704,308.8791738086179,0.5396356742664773,1,0,0
G4_mtbf:mild_6000,2036,score,11.43842173790876,86.41464235296917,338.0638146093502,0.5388760769610712,1,0,0
G4_mtbf:mild_6000,2036,awra,10.91210523921502,91.63983964865668,388.0246136013825,0.5389502526280655,1,0,0
G4_mtbf:mild_6000,2037,seq,21.03444889504304,107.0,267.7967141190145,0.377287858613763,1,0,0
G4_mtbf:mild_6000,2037,near,12.260595942403198,72.20012521510807,189.65287103941318,0.3775103001351215,0,0,0
G4_mtbf:mild_6000,2037,score,12.127159635812994,71.00000000000001,211.60582070887403,0.3774254565864494,0,0,0
G4_mtbf:mild_6000,2037,awra,10.272073593119973,65.66666666666674,184.15203005769843,0.3774535726597531,0,0,0
G4_mtbf:mild_6000,2038,seq,20.067510030022248,139.62770256568774,750.7371794411232,0.4553187228273179,2,0,0
G4_mtbf:mild_6000,2038,near,11.532575022021367,109.00836035308384,775.8548998591191,0.45514507892804373,2,0,0
G4_mtbf:mild_6000,2038,score,11.12691260154148,96.78793704702002,765.9093181041317,0.4550963485161434,2,0,0
G4_mtbf:mild_6000,2038,awra,10.751557221873107,86.91694282721801,762.4422756812955,0.4549696025766549,2,0,0
G4_mtbf:mild_6000,2039,seq,21.847444787753698,107.0,258.0958203488217,0.42617929260462556,1,0,0
G4_mtbf:mild_6000,2039,near,11.550016589379602,69.33333333333394,159.14779292841877,0.4386613694238042,0,0,0
G4_mtbf:mild_6000,2039,score,10.945372670813478,68.23231281889969,167.20578610013808,0.438445740971228,0,0,0
G4_mtbf:mild_6000,2039,awra,11.166087289097948,70.83333333333394,172.57443619713558,0.4384776815457237,0,0,0
G4_mtbf:mild_6000,2040,seq,21.145694066574958,193.80173335779318,694.975592658102,0.4898017292675749,1,0,0
G4_mtbf:mild_6000,2040,near,11.179639272224728,129.2019069864882,876.6973275851274,0.49025828012554645,1,0,0
G4_mtbf:mild_6000,2040,score,10.479299197512148,129.69692238671087,856.6664249671398,0.49004177788724756,1,0,0
G4_mtbf:mild_6000,2040,awra,10.716898022384298,120.89395914606416,912.861760769686,0.4902869024168328,1,0,0
G4_mtbf:mild_6000,2041,seq,19.389807760535646,103.0,513.7195173132768,0.48765896968582395,1,0,0
G4_mtbf:mild_6000,2041,near,11.736018923615486,74.83333333333394,443.68926664444734,0.4877328924175664,1,0,0
G4_mtbf:mild_6000,2041,score,11.701450752316271,73.33333333333303,415.42613690411054,0.487634851139502,1,0,0
G4_mtbf:mild_6000,2041,awra,10.741868012335617,71.0,692.7192736013767,0.4871741365131679,1,0,0
G4_mtbf:mild_6000,2042,seq,19.645169225097284,124.41196753494842,872.3694847053534,0.4509741908375459,1,0,0
G4_mtbf:mild_6000,2042,near,10.95450005717615,93.41098485733346,851.5639054819807,0.4526326677706954,1,0,0
G4_mtbf:mild_6000,2042,score,10.821628186387168,94.32476672610028,852.232401988292,0.45210192127782695,1,0,0
G4_mtbf:mild_6000,2042,awra,11.261633045948038,93.88442360961517,803.3214116601517,0.4521086101962394,1,0,0
G4_mtbf:mild_6000,2043,seq,22.010093889056357,142.61807592039895,863.1410139504405,0.47906991497115936,1,0,0
G4_mtbf:mild_6000,2043,near,11.295166862740256,104.70937623799091,799.9326473419665,0.4786880068647832,1,0,0
G4_mtbf:mild_6000,2043,score,10.911173945760678,98.71123946921762,773.6965586445094,0.4786479697470421,1,0,0
G4_mtbf:mild_6000,2043,awra,10.909149673442665,98.94786058381942,745.9274763573376,0.4792822904093162,1,0,0
G4_mtbf:mild_6000,2044,seq,19.446378403077837,114.78480530435422,722.8273998022723,0.4862529869503063,0,0,0
G4_mtbf:mild_6000,2044,near,12.018069992943435,83.67768786263969,398.0622518774717,0.48521853376417123,0,0,0
G4_mtbf:mild_6000,2044,score,11.596357750015125,87.77829830403425,393.2964000915904,0.48521175966045527,0,0,0
G4_mtbf:mild_6000,2044,awra,11.728620359084982,76.55038684806823,483.8001837237357,0.4856288498098077,0,0,0
G4_mtbf:mild_6000,2045,seq,20.624485523515613,150.5264521423469,504.61523734158436,0.45215982460598636,2,0,0
G4_mtbf:mild_6000,2045,near,11.614501442953117,88.0871137988604,233.43643886088194,0.45175367700027413,0,0,0
G4_mtbf:mild_6000,2045,score,11.08797321952778,85.35827011728861,236.63211606973255,0.4519896097019263,0,0,0
G4_mtbf:mild_6000,2045,awra,10.994587847781862,84.32079459124134,283.1734182658165,0.4518871176247132,0,0,0
G4_mtbf:mild_6000,2046,seq,18.096160388680172,189.49885346472934,1074.5278889342499,0.4890979340959353,0,0,0
G4_mtbf:mild_6000,2046,near,11.36854502304406,128.19053389805697,744.6985788267448,0.4899005479515801,0,0,0
G4_mtbf:mild_6000,2046,score,11.298041344126592,126.5046178169323,667.8540372177918,0.49012523569517197,0,0,0
G4_mtbf:mild_6000,2046,awra,11.297357621593427,101.07141707389837,612.7247789038813,0.4894943706405412,0,0,0
G4_mtbf:mild_6000,2047,seq,21.98631078797654,260.0507045389213,1299.0982741069533,0.44176619417926927,3,0,0
G4_mtbf:mild_6000,2047,near,11.55227095445495,155.57987908171071,1114.5680633626835,0.4407650995758834,2,0,0
G4_mtbf:mild_6000,2047,score,11.138162245953406,138.10035822830523,1081.470883726391,0.4408364786099115,2,0,0
G4_mtbf:mild_6000,2047,awra,11.044543897090843,117.07785888993567,948.83132697466,0.4413143815251341,2,0,0
G4_mtbf:mild_6000,2048,seq,21.284397083919306,111.0,858.824610947323,0.4585501236647585,1,0,0
G4_mtbf:mild_6000,2048,near,11.681656947070346,74.33333333333303,775.7520835766077,0.4593550331137244,1,0,0
G4_mtbf:mild_6000,2048,score,11.637592587981008,75.83333333333348,755.298860639442,0.4592508006881204,1,0,0
G4_mtbf:mild_6000,2048,awra,11.247737639170484,74.6079783328164,786.2980667797037,0.4589034245417975,1,0,0
G4_mtbf:mild_6000,2049,seq,21.51729872804494,104.99676128648025,229.32593613788322,0.541007675505745,0,0,0
G4_mtbf:mild_6000,2049,near,11.198584990453664,69.83333333333394,148.96317257721694,0.5409085948496206,0,0,0
G4_mtbf:mild_6000,2049,score,10.499813084097381,67.0,148.2367126872,0.5411628260759541,0,0,0
G4_mtbf:mild_6000,2049,awra,11.374833772180935,68.35646997178583,166.50776368891093,0.5426971977264455,0,0,0
G4_mtbf:mild_6000,2050,seq,21.26871126133889,110.40691210331715,681.1610853039156,0.5428966871747365,1,0,0
G4_mtbf:mild_6000,2050,near,11.435406302007848,72.33333333333326,398.63785346690986,0.543633570810821,1,0,0
G4_mtbf:mild_6000,2050,score,11.070680610884983,75.23284079314544,392.27018498185237,0.5433924869634779,1,0,0
G4_mtbf:mild_6000,2050,awra,10.878485002946691,75.83333333333348,329.33482281990325,0.5438658424972848,1,0,0
G4_mtbf:mild_6000,2051,seq,19.951446517200896,183.1561629921348,997.7624764059744,0.5958384131257964,2,0,0
G4_mtbf:mild_6000,2051,near,11.450967761482348,274.61253546938497,886.8622206879617,0.5944154316033627,2,0,0
G4_mtbf:mild_6000,2051,score,10.885808131135692,276.05230392632166,888.7307799770183,0.5947163814784698,2,0,0
G4_mtbf:mild_6000,2051,awra,11.06520134566895,248.40983112857066,900.2360758251311,0.594194961563656,2,0,0
G4_mtbf:mild_6000,2052,seq,21.461507036320025,124.96646403172417,498.7291440482336,0.5586218424299468,1,0,0
G4_mtbf:mild_6000,2052,near,10.768872015152752,97.71747225158225,347.20590044843607,0.5589391559385833,1,0,0
G4_mtbf:mild_6000,2052,score,10.189441310514834,91.50194006027778,313.4704016631031,0.5590815437057717,1,0,0
G4_mtbf:mild_6000,2052,awra,10.50222501449299,89.29395942220344,282.5974964657007,0.5587909060938524,1,0,0
G4_mtbf:mild_6000,2053,seq,20.269000376662074,117.65637361839254,473.53254613187346,0.48094637183451855,2,0,0
G4_mtbf:mild_6000,2053,near,12.215950809492428,76.33333333333394,191.78813107285714,0.49500839569915106,0,0,0
G4_mtbf:mild_6000,2053,score,12.255636296493655,72.83333333333303,195.30567458384758,0.49486601970991523,0,0,0
G4_mtbf:mild_6000,2053,awra,11.86318093538028,72.40639498744235,196.88000282917346,0.49557922771769863,0,0,0
G4_mtbf:mild_6000,2054,seq,20.781413908083177,115.33333333333334,282.72250594891466,0.42400252241691977,0,0,0
G4_mtbf:mild_6000,2054,near,11.1980190685749,82.03410837983392,186.40585503237935,0.42427230134287397,0,0,0
G4_mtbf:mild_6000,2054,score,10.746418617675193,77.90890286608192,218.2783681446199,0.4245756301156771,0,0,0
G4_mtbf:mild_6000,2054,awra,10.197015335004682,72.83333333333303,184.78297969498863,0.4249419481051856,0,0,0
G4_mtbf:mild_6000,2055,seq,22.33421839105972,107.0,703.0,0.44802738232686784,1,0,0
G4_mtbf:mild_6000,2055,near,11.010448756145575,68.83333333333348,216.62839121543266,0.4481654267423614,1,0,0
G4_mtbf:mild_6000,2055,score,10.311449504003324,68.33333333333394,189.78458586107172,0.4481227059272251,1,0,0
G4_mtbf:mild_6000,2055,awra,11.41093836540338,70.83333333333303,224.9809124521928,0.44852208069922594,1,0,0
